Factory Type,Factory Priority,Management Employee,Number of machines,Principal Exportable Products,Factory Location in City,Yearly Production Capacity in Dozen
3,5,180,100,13,3,100000
0,5,350,114,1,1,600000
0,5,250,116,1,2,100000
0,5,250,263,13,1,20000
0,5,65,52,1,1,75000
2,5,582,409,1,1,60000
3,5,440,162,12,1,8000
3,1,1,270,13,3,350000
2,5,721,1100,1,1,60000
0,5,489,278,12,1,100000
3,1,4,185,13,7,84000
3,5,255,165,4,1,208000
2,5,700,300,1,8,72000
0,5,800,518,1234,3,156000
2,5,0,141,1,1,20800
3,5,831,658,134,1,75000
3,1,250,166,13,1,1050000
0,5,400,180,13,1,120000
3,5,1900,1276,1,1,720000
2,5,777,1318,1,3,1800000
0,1,140,100,13,3,350000
2,5,240,260,1,2,36000
3,5,900,400,34,3,130000
3,5,505,219,13,3,100000
3,5,2633,1280,13,1,310000
3,5,850,375,1,4,100000
3,5,250,83,134,1,60000
3,5,16815,6500,13,1,1950000
3,5,990,1038,13,1,240000
2,5,200,70,1,6,4800
2,5,350,250,1,4,36000
3,1,207,141,13,4,100000
0,5,350,130,14,1,330000
3,5,320,270,13,1,50000
3,5,138,75,12,4,216000
3,1,300,245,13,2,14000
0,5,1200,600,13,3,320000
2,5,400,240,1,1,34000
0,5,175,235,134,4,850000
2,1,430,180,1,1,156000
0,1,1,100,13,3,350000
0,5,200,84,1,1,10000
3,5,2400,1400,13,1,1625000
3,5,190,100,13,3,8000
0,5,1050,505,1,3,16666
3,5,1150,520,134,3,200000
3,5,1050,396,134,3,210000
0,5,350,112,1,2,260000
0,5,1084,650,1,2,900000
3,5,600,300,134,1,340000
0,5,861,485,1,1,385000
3,5,1900,1425,134,1,316667
2,5,310,300,1,3,35000
0,1,30,893,1,2,83340
0,5,550,227,1,2,500000
0,5,326,150,13,4,60000
3,5,489,175,12,1,60000
3,5,,258,14,1,150000
2,5,1040,550,1,3,200000
3,5,700,450,13,1,150000
0,5,200,100,123,4,120000
0,5,690,244,14,1,300000
0,5,265,189,134,1,200000
3,5,450,320,134,1,150000
3,5,1868,150,13,1,45000
3,5,0,153,12,4,420000
3,5,313,160,134,1,80000
0,5,186,126,13,3,998410
2,5,450,350,1,3,50000
0,5,433,255,1,1,150000
0,5,2600,1000,1,5,1466000
3,5,650,0,13,1,375000
0,5,550,150,13,1,130000
2,5,900,700,1,3,80000
0,5,380,262,14,2,300000
3,5,350,186,34,1,80000
3,5,1250,729,13,3,260000
3,1,3,264,13,1,95000
3,5,497,350,13,4,100000
0,5,0,0,1,3,650000
0,5,419,297,13,1,1000000
3,5,450,215,13,1,80000
3,5,450,176,14,1,104000
3,5,243,205,13,1,41600
3,5,243,205,13,3,41600
0,5,300,145,13,1,200000
0,1,50,0,1,1,66670
0,1,140,120,,1,494000
0,5,850,325,1,2,650000
0,5,150,100,1,1,20000
0,5,669,550,14,1,245000
0,5,465,155,1,9,679000
3,5,1000,350,13,1,240000
3,5,3677,2907,13,1,14400000
3,5,580,185,124,1,120000
0,5,268,98,1,1,156000
0,5,789,204,134,1,900000
3,5,220,256,124,1,500000
3,5,415,186,12,1,100000
3,5,480,250,13,1,2160000
3,1,247,133,13,4,90200
0,5,750,500,1,2,830000
0,5,600,500,13,4,500000
0,1,1,118,1,2,350000
3,5,3478,3500,13,1,7945000
0,5,200,400,1,4,12000
3,5,350,150,13,1,75000
3,5,600,250,13,1,100000
0,5,700,315,13,3,575000
0,5,450,176,12,4,720000
3,5,307,154,13,1,46000
3,5,562,152,13,1,60000
2,5,201,297,1,1,45000
0,5,2600,1093,123,3,1000000
0,5,350,150,12,4,180000
3,5,1153,0,13,1,240000
7,,50,600,2,10,2430000
3,5,1381,982,13,4,244392
3,5,990,520,134,3,244000
3,1,535,200,13,3,2880000
0,1,500,286,14,3,6000000
3,5,300,130,12,1,72000
0,5,1250,687,13,3,32000000
3,5,435,271,12,1,146000
3,5,250,114,12,1,70000
3,5,310,135,124,1,70000
0,5,1114,606,1,3,1000000
0,5,235,195,13,1,150000
3,5,350,170,13,3,26000
0,5,250,85,1,2,180000
3,5,750,463,134,1,100000
3,5,250,55,1,1,90000
3,5,250,129,13,1,70000
3,5,310,250,134,1,36000
3,5,600,300,134,1,210000
0,5,767,666,1,1,700000
2,5,1200,751,34,1,35000
3,5,430,177,124,1,120000
3,5,711,60,4,2,250000
3,5,250,125,13,1,20000
3,5,400,126,13,3,90000
3,5,500,406,13,3,120000
0,5,239,208,1,3,2400000
0,5,250,143,1,1,30000
3,5,600,283,1,1,120000
0,5,450,200,1,1,200000
3,5,500,276,13,1,42000
2,5,50,45,1,1,30000
3,5,300,220,13,3,52000
0,5,50,140,1,3,210000
2,5,980,602,1,1,91000
3,5,560,290,13,1,180000
2,5,3150,1325,1,1,205000
2,5,885,559,1,1,106000
0,5,3094,250,1,3,125000
2,5,510,308,1,1,180000
0,5,325,117,1,2,188750
0,5,325,113,1,2,188750
3,1,1,163,13,1,488000
3,5,278,193,13,1,75000
0,5,3200,1620,13,3,1872000
0,5,1298,709,1,3,468000
3,5,280,249,1234,4,60000
3,5,400,200,13,1,90000
0,5,2580,947,13,3,2092000
2,5,1000,946,14,3,107510
0,5,377,200,134,2,40000
0,5,212,78,4,1,175000
3,5,450,295,123,1,104000
0,5,500,310,13,1,520000
0,5,400,200,1,1,250000
3,5,762,158,13,1,40000
3,5,700,180,12,4,65000
3,5,0,0,13,1,180000
3,5,1600,1185,13,11,7200000
0,5,500,250,13,1,585000
2,5,1200,500,1,3,120000
0,1,759,100,14,1,50000
3,5,2935,804,13,3,80000
0,5,320,180,134,4,70000
0,5,210,86,13,4,60000
7,,,894,14,3,120000
2,5,2200,1545,1,1,525000
3,5,290,450,123,4,175000
3,5,400,300,13,1,390000
0,5,520,350,4,3,2000000
2,5,210,200,1,3,30000
3,5,323,130,13,1,50000
3,5,1413,485,134,1,100000
3,5,400,150,13,3,180000
3,5,400,150,1,2,180000
3,5,1819,538,234,1,120000
3,5,3600,1427,34,1,550000
2,5,419,451,1,2,500000
3,5,3650,1640,34,3,500000
3,5,3247,1425,13,1,450000
0,5,700,250,13,1,300000
2,5,400,400,1,1,65000
3,5,246,177,123,4,18000
3,5,1500,627,13,3,200000
2,5,1000,436,1,1,70000
3,5,450,165,123,1,90000
3,5,450,225,13,1,60000
3,5,440,198,13,1,80000
3,5,494,278,13,1,80000
3,1,3,127,13,1,1800000
3,1,3,151,1,4,300000
0,5,150,115,14,1,36000
0,5,350,150,123,4,166400
0,5,2200,605,1,1,100000
2,5,3000,3000,1,1,360000
0,5,300,157,12,4,80000
0,5,800,500,1,3,300000
3,5,250,150,3,4,50000
3,5,1100,795,13,4,2680000
3,5,500,250,12,4,60000
0,5,1500,446,1,3,1000000
3,1,450,124,12,3,300000
0,5,500,350,1,2,900000
2,5,1540,1300,1,3,50000
0,5,3000,1560,13,2,66500
3,5,300,154,134,1,40000
0,5,50,120,1,4,114000
2,5,1290,1238,14,1,150000
2,5,1195,1217,14,1,350000
0,5,125,52,4,1,1650000
0,5,250,150,13,4,50000
0,1,3947,1385,,3,4200000
0,5,350,250,1,3,400000
0,5,4636,1257,2,3,2000000
0,5,4955,948,13,3,2800000
0,5,5271,1164,1,3,5300000
3,5,705,380,4,3,635000
3,1,513,417,13,1,125000
3,1,2545,200,13,3,9500000
0,5,480,283,124,4,240000
3,5,519,226,234,1,156000
3,5,600,400,34,1,75000
0,5,153,87,14,1,80000
3,5,7560,596,134,1,1456000
3,5,140,80,3,4,36000
0,5,965,794,13,3,2100000
3,5,416,73,134,4,80000
0,5,943,360,134,1,144000
0,5,1230,433,12,1,150000
0,5,1950,660,1,3,1058550
2,5,90,77,1,3,8300
2,5,520,1000,1,1,62500
0,5,1600,750,13,1,600000
0,5,250,200,1,3,13000
3,5,600,200,13,1,1400000
0,5,460,224,1,1,600000
0,5,600,250,1,1,250000
3,5,320,158,13,3,250000
2,5,775,650,1,3,60000
0,5,539,376,1,1,390000
0,5,526,215,1,1,390000
0,5,474,265,1,1,390000
0,5,576,382,1,3,650000
0,5,750,450,134,4,60000
0,5,450,200,1,4,50000
3,1,478,198,13,4,240000
7,,2850,0,134,10,748800
3,5,300,197,13,1,45000
0,5,1637,827,1,3,940000
3,5,350,140,123,4,15000
0,5,499,186,14,1,650000
3,1,3,974,,3,425010
3,5,300,128,134,1,30000
3,5,100,777,13,1,240000
3,5,275,100,134,1,25000
0,5,990,360,12,4,900000
0,5,250,240,3,4,48000
0,5,300,136,13,3,9600
0,1,2,201,1,3,5000000
3,5,0,85,4,1,14000
0,5,255,120,13,1,20000
3,5,650,210,13,4,400000
0,5,500,230,1,1,33400
2,5,550,300,1,1,60000
7,,,0,134,10,280000
2,5,2600,1400,1,1,167000
2,5,850,424,1,3,60000
0,1,1346,715,1,1,1300000
3,5,250,150,1,4,60000
3,5,840,400,134,1,150000
3,5,1050,500,134,1,200000
2,5,270,180,1,1,30000
0,5,363,100,13,1,120000
7,,,0,1,5,100000
2,5,500,300,1,1,90000
3,5,350,134,13,1,50000
0,5,150,90,12,4,300000
2,5,1800,1000,14,2,150000
0,1,77,77,1,1,80000
3,5,196,119,1,1,100000
3,5,1918,948,34,3,350000
3,5,255,175,3,4,6000
3,5,700,450,134,4,150000
3,5,350,220,4,3,250000
3,5,450,210,13,4,48000
3,5,1477,516,1,1,200000
3,5,1024,493,13,1,202800
3,5,4300,1572,13,1,9600000
0,5,453,280,14,1,150000
3,5,447,283,13,1,100000
3,5,1137,650,13,1,225000
3,5,490,280,134,1,105000
3,5,510,295,134,1,115000
2,1,82,100,1,11,12480
3,5,300,150,14,1,120000
2,1,0,300,1,3,3000
3,1,3,142,13,1,1200000
2,5,100,120,1,11,41000
2,5,0,200,1,3,150000
2,5,100,120,1,11,41000
7,,15,750,,12,831154.0715
7,,,0,,3,75000
7,,,0,1,3,13000000
0,5,750,236,12,2,450000
0,5,1200,355,1,3,700000
3,5,550,198,1,1,125000
0,5,1280,700,14,3,1000000
0,1,1,100,13,3,350000
0,5,600,350,134,3,78000
3,5,390,180,13,1,62400
0,5,280,101,13,3,156000
0,5,112,97,1,3,150000
0,5,532,300,1,1,100000
2,5,2000,1000,14,3,3000000
0,5,250,217,14,4,48000
3,5,800,300,134,3,40000
7,,,0,,3,75000
3,5,369,205,13,1,100000
0,5,400,296,13,4,140000
0,5,301,190,13,1,250000
0,5,650,550,1,3,750000
2,1,1200,280,1,3,180000
0,5,1350,715,13,4,675000
0,5,1950,784,1,1,66667
6,1,,0,13,3,3600000
0,5,260,132,12,2,90000
0,5,1500,700,1,3,1350000
2,5,550,250,1,3,45000
3,5,132,48,13,2,166666
0,5,120,62,1,1,78000
3,5,430,250,13,4,239400
0,5,350,170,1,1,1500000
0,5,160,76,1,2,150000
3,1,2,191,,3,9550000
3,5,98,240,13,3,145000
3,1,2,295,13,3,16000
2,1,1350,724,,3,780000
0,5,367,216,1,1,5616000
2,1,1350,724,,3,780000
3,1,6,446,13,1,237000000
3,5,150,81,13,3,80000
7,,,0,13,7,100500
3,5,850,400,13,3,187000
3,5,1350,550,13,1,100000
0,5,950,27,1,3,666667
3,1,519,240,13,1,12500
2,5,675,250,1,4,62400
3,5,1500,275,13,3,300000
3,5,879,343,13,1,120000
3,5,400,250,14,1,25000
3,5,1491,1050,12,4,240000
3,5,270,105,134,1,50000
2,5,260,200,1,4,48000
3,5,398,124,123,1,30000
3,5,658,200,123,1,100000
7,,,0,1,1,200000
0,5,200,171,1,1,180000
0,5,250,131,1,1,7000
3,5,300,220,13,1,40000
0,5,470,160,123,2,180000
3,5,2356,1120,12,3,500000
3,5,450,178,12,3,30000
0,5,308,132,14,1,250000
3,5,450,210,13,1,100000
0,5,180,100,14,2,15000
3,5,1402,524,13,4,216000
0,5,1230,424,1,3,66666
2,5,475,324,1,4,60000
0,5,127,80,1,1,64000
3,5,220,188,34,1,60000
3,5,500,154,134,1,168000
3,5,1000,525,1,1,175000
3,5,800,300,12,1,100000
0,5,785,302,24,4,1200000
0,5,250,200,13,1,1550000
0,5,330,140,1,2,208000
2,5,890,500,1,1,1600000
0,5,140,52,14,4,84000
0,1,230,96,13,3,150000
3,5,225,135,123,4,50000
3,5,495,330,3,3,110000
3,5,339,150,134,3,78000
3,5,199,100,13,4,35000
3,5,230,100,13,4,48000
3,5,230,200,13,4,40000
2,5,1150,750,1,4,120000
3,5,500,263,13,1,10000
3,5,3359,1825,13,1,68000
0,1,1114,394,1,1,156000
3,5,500,218,1,3,60000
3,5,1000,350,1,1,250000
2,5,200,150,1,3,25000
3,5,980,603,134,1,720000
0,5,700,210,4,3,300000
3,5,650,300,134,1,50000
2,5,1250,2241,1,4,25000
0,5,510,275,13,1,325000
2,5,1250,2241,1,4,25000
0,5,476,220,1,3,250000
7,,,0,14,3,100000
2,5,1000,215,14,1,70000
3,5,500,324,134,1,45000
0,5,500,412,1,3,300000
0,5,2870,1180,1,4,79167
3,1,1756,1644,13,1,72585
3,5,541,271,12,3,80000
3,5,850,420,3,1,150000
3,5,200,130,13,3,30000
3,5,557,371,14,1,75000
0,5,360,240,13,4,306000
3,1,2,60,13,1,150000
3,1,2,115,13,1,100000
3,1,2450,1787,13,4,51600
1,1,282,166,13,1,1800000
0,5,250,200,1,3,364000
0,5,6800,1300,1,2,2650000
3,1,2,72,1,3,250000
3,5,200,160,1,3,45000
3,5,350,150,134,4,80000
3,5,320,106,134,4,96000
3,5,350,280,134,12,25000
3,5,200,141,12,1,6000
3,5,120,80,13,1,80000
3,5,507,532,13,2,200000
0,5,1430,806,2,4,2100000
0,5,676,189,1,1,500000
3,5,350,205,34,3,36000
0,5,400,280,12,4,520000
3,5,450,300,13,4,271000
0,5,6000,3120,13,2,2000000
0,5,550,220,34,1,120000
0,5,400,250,13,1,215000
0,5,750,410,14,1,200000
0,5,421,161,14,1,480000
2,5,550,350,1,3,120000
0,5,195,100,1,3,21000
3,5,350,183,134,1,30000
3,5,335,300,13,1,100000
0,5,400,141,1,1,338000
2,5,517,482,1,1,338000
3,5,550,273,13,3,7000
0,1,2000,1189,12,3,50000
0,1,250,250,1,1,5000000
2,5,2800,917,4,3,715000
0,5,160,60,13,3,66667
0,1,218,227,13,1,17780
3,5,2059,1120,134,1,450000
3,1,311,162,4,1,600000
3,5,4780,1221,13,3,9000000
0,5,652,200,1,3,120000
3,1,4,230,13,11,500000
2,5,750,300,1,3,3600000
2,5,1200,350,1,3,50000
3,5,200,130,123,1,48000
2,5,580,300,1,3,101425
3,5,450,200,3,1,96000
0,1,400,440,,4,3000000
3,5,5985,3228,34,1,1700000
0,5,120,136,13,1,280000
3,1,1535,710,12,3,300000
6,5,30,277,13,1,80000
2,5,500,350,1,3,45000
0,5,1600,600,1,1,1000000
3,5,600,228,134,1,76000
3,5,725,231,34,1,72000
3,5,700,245,34,1,61000
3,5,605,226,134,1,65000
3,5,1210,402,134,1,145000
3,5,900,500,134,1,72000
3,1,200,190,,1,16200
3,1,2,72,13,1,195000
2,5,956,650,14,3,150000
0,5,120,60,1,1,50000
3,5,712,350,13,1,92000
2,5,750,560,1,4,50000
3,1,2,300,13,1,1560000
0,5,225,161,2,1,156000
0,5,1350,520,1,3,423700
0,5,975,242,1,3,397500
3,1,5,130,13,4,130000
0,5,350,125,124,2,270000
3,1,213,165,13,1,100000
3,1,450,250,13,4,160000
2,5,1110,630,1,3,120000
2,5,1094,550,1,3,90000
0,5,450,238,13,1,120000
0,5,425,282,14,3,1000000
0,5,215,80,1,3,150000
0,5,325,120,134,1,48000
0,5,352,170,134,1,72000
0,5,320,200,134,1,84000
0,1,300,130,13,1,82000
3,5,260,140,13,1,36000
3,5,990,620,13,3,140000
3,5,825,530,13,1,204000
3,5,440,193,13,3,100000
0,5,160,89,2,4,300000
7,,,0,1,11,200000
3,1,560,135,134,3,129999
3,5,950,464,123,1,1440000
3,1,130,469,13,1,55200
3,1,348,260,134,1,9000
0,5,350,180,1,3,75000
0,5,300,155,134,4,50000
2,5,700,316,1,3,60000
3,5,450,375,34,1,70000
0,5,365,220,1,3,358000
0,5,300,100,14,3,80000
0,1,1,85,1,1,100000
3,5,400,200,134,4,150000
3,5,1000,750,34,3,150000
3,5,2400,850,13,4,240000
3,5,558,148,13,4,60000
3,5,561,209,13,4,66000
2,5,250,90,1,4,30000
0,5,325,173,1,1,1900
0,5,260,150,1,3,167000
3,5,320,158,13,3,250000
0,5,480,195,13,4,180000
0,5,450,280,13,4,100000
0,5,737,233,13,4,1200000
0,5,300,95,13,1,20833
2,1,650,254,,3,110000
3,1,962,1039,13,1,60000
3,1,2,122,13,3,1000000
0,5,3025,1855,13,1,110000
0,5,1200,464,1,2,1000000
3,5,715,680,13,4,25000
0,5,465,220,134,4,50000
3,5,450,280,13,4,100000
3,5,505,300,13,1,100000
3,5,240,110,13,1,25000
0,5,830,345,1,3,390000
0,5,0,279,1,3,120000
2,5,650,550,1,2,96000
3,5,200,120,1,4,60000
0,5,394,250,12,3,130000
3,5,800,450,13,3,150000
3,5,800,400,134,1,60000
0,5,616,287,13,3,100000
3,5,450,225,13,3,60000
3,5,450,225,13,3,60000
3,5,200,0,23,4,8400
3,5,250,125,134,3,60000
3,5,180,120,123,4,60000
3,5,1000,570,34,3,400000
3,5,900,752,3,1,120000
3,5,1200,1186,34,3,500000
3,1,3430,2778,1,3,750000
3,1,5,285,13,1,68000
2,5,750,400,1,11,750000
2,5,207,180,1,11,80000
0,5,522,214,134,1,120000
3,1,402,138,13,1,100000
3,5,1000,500,134,1,90000
3,5,150,100,124,1,35000
0,5,253,114,13,1,270000
2,5,240,159,1,4,30000
0,5,267,59,1,2,100000
3,5,508,295,134,1,110000
3,5,645,375,13,1,100000
0,5,1950,798,1,2,650000
3,5,490,285,134,1,100000
0,5,1610,677,1,2,780000
3,5,522,248,13,1,12500
3,5,490,196,13,1,110500
3,5,2250,1601,3,1,750000
0,5,438,205,1,4,600000
2,5,550,500,1,4,36000
3,5,325,95,1,1,150000
0,5,250,150,123,1,500000
3,5,325,161,12,1,60000
0,5,340,153,13,3,375000
0,5,300,140,13,3,300000
0,5,400,180,13,4,200000
3,5,313,360,13,9,42000
0,5,1505,600,1,4,420000
3,1,0,850,124,4,300000
3,5,500,265,134,4,120000
2,5,1560,5056,1,4,12500000
3,5,350,330,13,4,96000
2,5,200,170,1,1,320000
0,1,7,138,123,5,1300000
0,5,3881,910,1,5,1900000
0,5,180,57,1,1,150000
3,5,386,163,3,1,60000
0,5,800,200,124,4,600000
0,5,324,127,14,1,152083
0,5,400,200,24,4,150000
2,5,250,366,1,3,115000
0,5,900,500,1,5,1200000
0,5,700,300,13,14,248000
0,5,650,380,124,4,200000
2,5,2800,2000,1,1,170000
0,5,450,291,1,3,200000
3,1,604,659,13,1,300000
3,5,0,188,,3,100000
2,5,400,200,1,4,600000
3,5,570,167,12,1,150000
3,5,1000,620,134,1,377000
3,5,2500,1200,13,3,1200000
3,5,850,250,14,1,60000
3,1,122,96,13,4,250000
0,1,0,110,13,3,150000
2,5,1200,550,1,2,120000
0,5,850,472,1234,4,70000
0,5,1345,570,12,4,800000
0,5,2120,700,12,4,1800000
0,5,652,130,12,4,450000
0,5,619,160,1,4,360000
0,5,2964,623,12,4,1500000
3,1,420,145,13,2,885000
3,5,386,144,12,3,27000
3,5,850,365,134,3,48000
3,5,550,200,134,3,30000
3,5,650,420,134,3,48000
3,1,2,200,13,3,3600000
0,5,504,180,1,3,260000
0,5,70,100,13,1,35000
2,5,650,800,1,1,200000
2,5,300,300,1,1,60000
0,5,898,450,13,3,82000
2,5,1000,440,1,3,75000
0,5,550,286,14,1,550000
6,1,,1340,34,3,454166
6,1,,0,34,3,432000
0,5,135,77,1,1,500000
0,5,500,220,12,4,11250
0,5,192,152,12,4,150000
0,5,2845,850,14,15,1800000
0,5,313,155,13,1,568000
0,5,181,70,13,1,50000
0,5,45,21,4,3,180000
3,5,400,160,1,2,78000
3,5,250,98,13,1,36000
3,5,1332,700,13,1,1000000
0,5,1031,0,4,2,1152000
0,5,1236,422,1,3,6720000
3,5,230,200,13,3,50000
3,5,410,109,13,3,150000
3,5,610,390,13,3,150000
3,5,850,252,124,1,200000
3,5,140,106,13,3,30000
3,5,150,140,134,1,40000
3,5,400,303,14,4,5833
3,5,1000,750,134,1,120000
3,5,1207,691,12,1,200000
3,5,2100,1355,123,1,350000
7,,,0,1,1,144000
7,,,0,34,1,68000
3,5,656,226,13,1,150000
3,5,600,315,13,1,120000
4,5,,0,13,3,200000
2,5,1360,520,12,3,92000
2,5,540,460,1,3,72000
3,5,4744,2380,3,1,575000
2,5,2200,1004,14,3,16000
0,5,420,350,13,3,750000
0,5,558,378,1,3,1500000
0,5,2118,860,1,3,1000000
0,5,1950,1400,1,9,1210000
3,1,65,63,134,1,160800
0,5,1156,360,1,3,450000
0,5,400,170,1,1,2500000
0,5,850,500,13,9,600000
0,5,500,400,13,9,565000
0,5,600,1500,1,1,21500
0,5,330,245,13,1,150000
3,1,600,188,13,3,9740000
3,1,423,130,13,1,119583
3,5,1068,160,13,1,55000
3,5,275,102,13,1,60000
3,5,330,578,13,3,200000
3,5,600,381,13,1,100000
3,1,2,112,13,4,100000
3,1,,517,134,1,250000
3,5,350,194,13,3,120000
0,5,155,108,1,1,150000
2,5,420,330,14,1,28800
2,5,628,365,14,1,43200
3,5,350,225,13,3,150000
2,5,1000,893,4,1,70000
3,5,3946,1115,134,3,832000
3,5,0,72,,1,40000
0,5,300,113,1,2,280000
2,5,2380,2032,1,2,50000
3,5,140,95,13,3,15000
3,5,578,298,13,1,75000
7,,,0,1,1,400000
2,5,250,60,1,3,60700
2,5,2450,542,1,3,5000000
2,5,2660,2000,14,3,4000000
3,1,2,200,13,9,250000
2,5,1200,230,1,3,2150000
3,5,475,199,134,1,70000
0,5,700,442,1,1,550000
7,,,0,1,9,1560000
2,5,580,750,1,3,110000
0,5,300,120,14,1,240000
0,1,2,106,134,1,330000
0,5,500,256,13,4,25000
3,5,2,672,3,1,67188
0,5,350,197,1,2,100000
3,5,,1700,134,3,650000
3,5,270,100,134,1,12000
0,5,3324,1430,1,3,450000
2,5,300,300,1,1,30000
0,5,0,101,1,1,100000
0,5,1500,820,1,1,750000
0,5,50,121,14,1,312500
0,5,280,116,13,1,200000
3,5,300,210,13,1,80000
3,5,500,300,3,1,60000
3,5,2957,1084,4,1,150000
3,1,145,293,13,4,125000
3,5,450,385,3,4,80000
0,5,700,450,123,4,240000
0,5,300,270,124,4,120000
3,5,350,197,1,1,45000
2,5,2200,1620,14,3,200000
2,5,140,82,1,1,11000
0,5,200,118,1,3,25000
2,5,358,314,1,3,180000
3,5,260,115,13,1,45000
3,1,3,170,13,4,196000
0,5,300,97,1,1,150000
2,5,660,300,1,1,62400
3,5,315,130,34,1,60000
3,5,400,278,13,1,10000
0,5,405,190,123,3,95000
0,5,450,126,124,3,240000
7,,,0,1,1,20000
3,5,3680,2300,13,1,29166
3,5,260,177,13,1,30000
3,5,157,78,13,1,18000
3,5,260,177,13,1,30000
0,5,300,350,1,1,100000
3,1,2,127,13,4,300000
2,5,180,122,1,1,10000
3,5,350,370,134,1,90000
3,5,529,261,123,1,90000
3,5,800,294,13,1,450000
3,5,986,501,123,1,160000
3,5,644,270,123,1,100000
0,5,375,90,14,1,365000
0,5,340,94,14,1,500000
3,5,1245,799,13,1,200000
3,5,800,566,1,1,480000
3,5,370,120,123,1,75000
3,5,820,676,13,4,50000
3,5,510,540,14,4,180000
3,5,933,867,134,4,170016
0,5,120,57,4,1,100000
3,5,30,22,4,1,50000
3,5,260,140,134,1,20000
0,5,1588,520,12,4,1200000
3,5,300,295,3,3,60000
3,5,1005,748,3,4,833000
3,5,300,350,3,3,25000
3,5,1260,811,13,4,250000
3,5,5000,2000,13,3,900000
3,1,125,81,13,1,25000
0,5,600,350,1,2,416000
3,5,5000,2250,13,1,600000
3,5,300,160,13,3,50000
3,5,265,150,123,32,50000
3,5,930,753,124,4,300000
3,5,350,170,134,12,20000
2,5,600,409,1,3,40000
3,1,2,1753,,22,831154.0715
0,5,250,141,13,1,234000
3,5,564,219,123,1,125000
3,5,900,400,13,1,100000
3,5,280,193,123,4,300000
0,5,240,140,1,2,300000
0,5,400,170,13,3,84000
0,5,300,234,13,1,75000
0,5,800,500,23,4,80000
7,,,0,13,1,1800000
3,5,2100,1600,3,1,350000
3,5,500,200,1,1,60000
0,5,950,366,13,1,400000
2,5,2200,1500,1,3,383333
2,5,3200,1700,1,3,450000
2,5,400,322,1,3,42000
3,5,500,335,124,1,25000
0,5,800,600,14,3,420000
0,5,220,171,1,3,334000
3,5,125,85,23,4,20000
2,5,120,600,1,1,100000
7,,26,308,,3,2500000
0,5,400,175,1,1,150000
0,1,2,76,1,1,385000
2,5,185,330,1,1,45000
0,5,1726,925,4,1,600000
3,5,370,223,23,3,65000
0,5,363,152,1,3,216000
3,5,350,200,13,4,60000
2,5,390,110,1,4,25000
2,5,498,300,1,1,5000000
2,5,494,136,1,1,30000
3,5,405,130,34,1,60000
2,5,803,500,1,1,100000
2,5,14000,6788,1,3,1050000
2,5,450,350,1,3,5500
0,5,850,387,13,3,30000
2,5,345,300,1,1,24000
3,5,834,588,134,1,500000
3,1,,835,134,3,1216666.67
2,5,383,1350,1,1,300000
3,5,360,160,13,3,60000
3,5,350,190,134,1,65000
3,5,620,344,13,1,80000
3,5,4600,2829,13,1,1172600
0,5,1604,892,13,1,185000
0,5,9886,5481,1,3,333333
3,5,969,664,134,1,20000
0,5,575,250,1,3,560000
3,5,480,216,13,3,48000
3,5,430,216,13,3,48000
2,5,195,100,,2,350000
0,5,286,110,1,3,150000
0,5,830,192,2,4,960000
0,5,1250,258,13,3,516000
0,5,600,300,13,3,300000
0,5,1141,467,13,14,494400
0,5,731,469,13,3,348000
0,5,2583,676,13,3,852000
3,5,760,365,13,4,30000
3,5,300,189,13,1,150000
2,5,360,104,14,3,72000
0,1,100,60,1,1,120000
3,5,1212,672,13,1,7800000
0,1,135,95,13,3,335000
3,1,500,119,13,3,156000
3,5,1200,580,23,2,350000
2,5,1600,750,1,3,250000
0,5,150,150,1,1,404000
3,1,195,210,13,1,182500
3,5,1063,750,124,1,125000
3,5,1750,963,134,3,33333
3,5,750,350,123,3,87000
3,5,2500,1303,13,3,600000
3,5,310,165,12,1,72000
2,5,1490,939,1,3,120000
0,5,220,124,13,3,250000
0,5,330,180,13,2,300000
2,5,3830,2830,1,1,400000
2,5,2000,1000,1,1,200000
3,5,1128,1385,13,4,120000
0,5,315,255,2,4,7200000
3,5,450,277,1234,4,60000
0,5,350,120,1,2,2000000
3,1,1550,1250,14,1,120000
7,,,0,1,3,187000
3,5,630,290,13,1,6000
3,1,2,300,13,1,25000
0,5,500,425,23,4,60000
0,5,185,150,13,4,10000000
3,5,750,400,13,1,150000
3,5,1400,900,13,4,240000
0,5,1100,475,14,1,425000
3,5,1265,748,134,1,300000
3,5,529,262,1234,3,130000
3,5,450,250,134,3,140000
3,5,1173,464,134,3,170000
3,5,769,425,134,3,150000
3,5,1150,473,34,3,150000
2,5,594,650,1,3,72000
3,1,800,550,1,1,80000
7,,,0,13,3,40000
0,5,11,106,13,1,150000
0,5,150,171,1,3,4500000
3,5,550,286,134,1,80000
3,1,5,175,13,4,2800000
3,1,2,52,13,3,6000
3,5,200,100,123,1,60000
2,5,1500,546,4,1,400000
2,5,762,220,1,1,31680
2,5,2269,2011,1,1,289584
3,1,3,500,13,3,1250000
3,5,1600,615,123,3,220000
2,5,500,350,14,3,75000
0,5,450,250,13,1,130000
3,5,474,279,13,3,35100
3,5,483,304,3,3,35100
3,5,950,500,13,1,120000
3,1,,155,,1,831154.0715
0,5,450,200,134,4,564000
0,5,480,298,134,4,564000
3,5,10000,500,3,4,255000
0,5,120,120,1,1,150000
2,5,1000,826,1,3,90000
0,5,4332,2420,13,3,2000000
0,5,3327,952,1,3,580000
3,1,200,592,13,3,125000
3,5,3327,1956,1,3,550000
2,5,280,130,1,3,25000
3,5,1927,950,4,1,2808000
3,5,600,300,13,1,60000
3,5,270,226,1234,4,70000
3,5,350,170,3,4,50000
0,5,332,300,13,1,58450
3,1,3,242,13,1,250000
7,,,0,4,3,30910
2,5,600,740,14,3,72000
7,,,0,123,3,80000
3,5,300,120,13,4,49400
2,5,2500,3200,13,9,300000
3,5,250,166,13,4,48000
0,5,290,90,14,1,150000
3,5,350,254,134,1,46800
2,5,500,650,1,3,1500000
0,5,394,160,1,3,700000
0,1,4,210,1,1,1000000
3,5,2950,1800,1,3,800000
0,5,357,259,1,1,478400
0,5,800,100,1,3,35000
3,1,2,137,13,1,125000
0,5,280,200,1,3,80000
0,5,248,107,1,2,250000
3,5,100,50,1,1,120000
0,1,3,380,1,3,500000
2,5,650,300,1,1,75000
3,5,1005,600,13,3,118000
0,5,75,55,4,2,2400000
0,1,1,200,1,2,150000000
0,5,115,149,1,1,300000
2,5,750,498,14,3,144000
3,1,1124,618,13,1,33333
3,5,1150,470,13,1,200000
3,5,2200,940,13,1,420000
3,5,295,195,12,1,83330
0,5,600,168,1,3,500000
3,5,750,332,134,3,144000
3,5,547,282,134,1,120000
3,5,450,332,134,3,144000
3,5,480,281,1,1,93600
3,5,2370,1423,34,2,500000
3,5,375,193,14,1,60000
0,5,900,239,1,1,3120000
0,5,1782,659,14,3,1000000
3,5,6115,1575,13,3,832000
2,5,1500,1200,1,1,150000
3,5,260,141,4,1,270000
3,5,2465,77,13,1,425000
3,1,,3256,,9,500000
3,5,950,565,34,3,1920000
2,5,825,400,1,2,75000
3,1,260,107,13,1,1060000
0,1,897,489,13,3,60000
0,5,1398,515,13,3,525000
3,5,600,210,14,1,90000
3,5,450,215,123,1,66000
3,5,1720,930,3,4,360000
3,5,320,214,134,4,42000
3,5,600,319,13,1,124800
3,5,600,240,13,3,104000
0,5,596,254,13,3,550000
0,5,110,65,14,1,72000
3,5,180,40,13,3,8000
3,5,250,52,13,3,26000
0,5,640,194,13,2,390000
3,5,2200,723,13,1,150000
3,1,2,60,13,1,1200000
2,5,3000,1250,14,3,120000
3,5,190,110,13,1,288000
3,5,784,364,14,1,156000
3,5,490,269,12,1,156000
0,5,255,201,124,1,2196000
0,5,1857,792,2,3,28800000
2,1,1400,600,1,1,420000
2,5,580,445,14,4,54000
2,5,800,480,1,3,72000
2,5,1280,750,1,3,1200000
3,1,570,1984,14,4,160000
3,5,647,356,1,1,150000
3,5,861,511,1,1,185000
3,5,175,250,1,1,78000
3,5,824,480,1,3,234000
3,5,500,386,14,3,70000
3,5,750,379,1,3,182000
0,5,122,55,1,3,450000
3,5,450,200,12,3,78000
3,5,550,301,13,1,46800
3,5,292,152,13,2,50000
2,5,658,350,1,1,75000
3,5,345,154,123,1,90000
3,5,600,334,123,1,160000
3,5,1500,278,13,9,160000
0,1,3031,1213,,3,1500000
0,1,1778,746,1,3,1105000
0,5,1509,975,1,3,375000
3,5,500,357,3,1,400000
3,5,2986,2300,23,1,550000
3,5,400,172,13,1,84000
0,1,131,120,1,1,5700
3,5,200,100,123,1,60000
3,5,590,270,34,3,90000
3,1,2901,0,,3,200000
0,5,218,88,1,3,250000
3,1,1,150,13,1,16800
2,5,880,603,14,3,58000
2,5,350,300,1,4,36000
3,5,275,165,14,1,100000
0,5,256,249,1,3,240000
0,1,2900,1100,13,1,1800000
2,5,500,400,1,1,100000
3,5,589,402,134,1,100000
3,5,549,660,13,1,50000
3,5,1602,1568,13,1,125000
0,5,661,339,13,1,150000
3,5,540,829,14,1,150000
3,5,1300,700,13,1,375000
0,5,350,160,134,3,240000
3,5,220,115,4,2,60000
0,5,143,75,1,3,117000
0,5,1000,300,1,2,300000
2,5,370,250,1,3,50000
3,1,350,800,13,2,1800000
3,5,1553,1135,1,3,1000000
3,5,180,79,134,4,60000
3,5,404,179,12,1,120000
3,5,350,251,13,3,625000
2,5,720,450,1,3,50000
0,5,7713,2170,13,3,173340
0,5,2500,835,13,2,1300000
3,1,1200,795,,2,631250
0,5,7000,3000,1,2,5000000
0,5,699,297,13,1,400000
0,5,725,518,13,1,420000
0,5,176,120,1,3,62500
0,5,650,220,1,2,599000
2,5,400,205,1,1,68880
0,5,482,300,134,3,750000
3,5,280,160,13,2,130000
0,5,2000,1641,13,4,30000
0,5,389,126,13,1,130000
2,5,2100,1324,1,3,200000
0,5,850,225,1,1,400000
3,5,400,200,134,4,48000
3,5,300,494,123,1,120000
2,5,310,300,1,4,40000
0,5,400,150,1,2,130000
0,5,950,405,13,2,600000
0,5,645,313,1,3,700000
3,5,450,220,134,4,100000
3,5,450,200,134,4,105000
3,5,450,220,134,4,100000
0,5,630,382,13,1,150000
0,5,750,600,1,3,12500
2,5,2200,992,1,3,1385000
0,5,270,115,12,4,500000
3,5,1325,623,23,1,20000
0,5,320,290,1,4,60000
0,5,641,374,14,3,250000
3,5,250,110,13,1,60000
0,5,250,110,13,1,300000
3,5,500,270,123,4,45000
0,5,250,100,13,4,48000
3,5,500,300,13,1,75000
0,5,450,225,134,4,40000
2,5,998,424,1,1,60000
3,5,200,95,134,4,84000
2,5,61,80,1,3,5000
3,5,917,500,3,1,200000
3,1,855,688,13,3,243000
3,5,3500,1737,13,1,42000
0,5,175,78,1,3,1000000
0,5,1200,650,13,3,216000
3,1,600,562,13,3,1015166
3,5,1150,450,12,1,300000
3,5,665,272,13,3,105000
3,5,650,190,13,1,125000
0,5,650,317,14,1,300000
3,5,400,220,13,1,70000
0,5,350,150,1,3,250000
0,5,500,300,14,3,150000
0,5,450,250,123,4,120000
0,5,330,160,134,4,70000
3,5,240,105,13,1,40000
0,5,645,306,13,3,468000
0,5,575,255,134,4,120000
3,5,488,279,3,3,35100
3,5,1660,1250,123,3,468000
3,5,250,130,34,3,45000
1,1,365,349,1,3,350000
3,5,450,300,123,1,40000
3,1,1,81,13,1,184000
3,5,757,371,3,3,32400
3,5,320,133,1,1,72000
3,1,1,149,13,3,1000000
3,5,450,350,13,1,48000
0,5,300,145,1,3,50000
3,5,190,112,123,1,36000
3,5,614,291,3,3,22400
0,5,550,401,13,3,500000
3,5,499,193,124,1,120000
2,5,200,100,1,3,65000
0,5,200,106,1,2,200000
0,5,392,195,134,2,166667
0,1,298,258,1,2,182000
3,5,417,196,1234,1,72000
0,5,340,134,13,2,156000
2,5,350,300,1,1,30000
2,5,145,250,1,5,130000
3,5,230,288,13,1,200000
3,5,2600,1500,123,1,50000
3,5,300,200,13,1,40000
0,5,390,180,1,3,100000
3,5,693,324,13,1,80000
7,,2100,0,134,1,552600
7,,,0,1,3,504000
0,5,450,216,2,4,270000
3,5,300,243,13,4,60000
3,5,600,230,1234,3,150000
3,5,1000,600,13,3,260000
3,5,180,60,12,1,24000
0,5,100,200,13,4,40900000
0,5,1972,570,1,1,624000
3,5,500,200,134,4,96000
0,5,65,50,1,1,96000
2,5,150,140,1,4,30000
3,5,290,130,134,4,50000
0,5,2066,552,1,3,1250000
3,5,263,110,134,4,33000
3,1,2700,1886,134,3,125000
3,5,798,320,124,1,150000
3,5,650,400,12,1,160000
3,5,200,600,13,1,240000
0,5,480,200,1,1,200000
3,5,350,160,4,3,60000
3,5,325,140,4,3,50000
3,1,2000,890,34,1,450000
3,5,439,140,12,1,85000
3,5,150,170,13,3,7080000
3,5,350,188,13,3,1200000
0,5,1050,518,13,4,180000
0,5,500,302,123,4,90000
3,5,4000,2400,123,1,1100000
3,5,1000,800,13,1,420000
0,5,750,101,1,2,20000
0,5,625,433,1,4,1000000
0,5,750,463,2,4,720000
0,5,840,369,1,4,144000
0,5,700,272,12,4,1080000
0,5,1600,730,24,4,1800000
0,5,460,195,1,2,100000
3,5,635,572,13,1,70000
3,5,1057,778,134,4,250000
3,5,764,465,13,4,85000
3,5,670,380,13,3,130000
3,5,998,530,134,4,132000
3,5,450,213,13,1,80000
0,5,495,299,1,3,321000
3,5,200,150,123,1,20000
0,5,1200,967,12,3,300000
0,5,205,100,13,1,58500
0,5,519,570,14,1,250000
2,5,1152,550,1,2,120000
2,5,600,350,1,3,90000
2,5,600,350,1,3,90000
2,5,600,350,1,3,90000
0,5,125,75,1,3,210000
0,5,450,600,13,1,375000
0,1,230,180,1,1,135000
0,5,270,157,1,3,1000000
0,5,300,75,14,1,80000
3,1,300,250,1,3,5760000
2,5,1300,490,1,3,100000
0,5,2100,850,3,1,2000000
0,5,300,160,4,4,800000
0,5,2340,100,1,3,800800
2,5,310,462,1,3,130000
0,5,498,255,13,4,172000
3,5,341,180,13,1,80000
2,5,1600,1440,1,3,96000
2,5,2400,1662,1,3,144000
3,5,3000,1700,13,3,500000
0,5,210,84,34,4,60000
0,1,522,267,14,1,104000
0,1,490,235,1,4,600000
3,5,410,134,123,1,48000
0,5,960,696,13,4,12500
0,5,173,0,1,1,90000
3,1,1,200,13,15,500000
3,1,475,1122,13,4,140000
0,5,120,70,1,1,10000000
0,5,200,105,13,1,60000
0,5,317,177,134,1,50000
0,5,300,150,234,4,120000
3,5,757,354,13,1,150000
3,5,1100,650,3,3,100000
3,5,275,104,14,1,72000
0,5,2500,952,1,1,1200000
6,1,,622,34,3,258000
6,1,,1278,34,3,454166
0,5,350,135,34,3,300000
0,5,2450,1914,13,4,300000
0,5,690,391,134,3,362500
0,5,301,159,13,3,150000
0,5,385,314,13,3,130000
0,5,478,671,14,3,837500
0,5,250,211,13,1,120000
0,5,300,165,4,1,270000
3,5,1661,720,1,3,290000
3,1,2,633,,1,200000
3,5,823,378,13,1,150000
7,,,0,1,3,208000
3,1,1369,895,13,1,58333
2,5,250,90,1,4,30000
0,5,190,85,13,3,120000
3,5,3520,2530,4,1,10483000
3,5,740,368,13,4,120000
3,5,758,327,13,1,120000
3,1,3,1000,13,1,400000
3,5,1400,550,123,4,180000
2,5,650,1000,1,3,300000
2,1,297,2290,14,3,17000
3,5,1700,850,13,1,300000
3,5,2174,937,13,1,450000
3,5,1800,1300,12,4,240000
2,5,750,541,14,4,45000
3,5,250,120,13,1,30000
3,5,2400,1122,124,1,291667
0,5,208,152,1,1,250000
3,1,,220,1,1,21667
0,5,150,120,1,1,120000
3,5,920,538,13,3,15000000
3,5,850,550,13,1,96000
3,5,958,598,3,4,165588
0,5,18583,8350,1,3,875000
0,5,452,333,1,1,350000
3,5,300,180,13,4,60000
3,5,250,166,13,4,50000
3,5,295,130,134,1,40000
3,5,425,216,13,3,48000
3,1,101,68,13,1,120000
3,5,250,115,14,1,27000
3,5,1692,1322,3,4,240000
0,5,2917,2311,1234,4,324996
0,5,100,312,13,3,360000
0,5,210,90,1,1,100000
0,5,1000,580,14,3,1500000
0,5,325,782,13,1,200000
3,5,500,200,13,3,100000
3,5,450,160,13,1,120000
3,5,2056,750,134,1,167000
7,,,0,13,1,12500
3,5,250,127,4,1,187000
2,5,1650,800,1,1,110000
6,1,40,800,12,3,250000
0,5,300,120,1,2,350000
3,5,450,298,134,4,90000
3,5,550,191,34,4,72000
3,5,610,375,134,4,120000
0,5,1400,754,12,3,750000
0,5,2569,942,14,1,600000
0,5,1131,432,13,2,275000
2,5,450,110,1,3,80000
0,5,1447,567,1,1,1236000
0,5,170,112,13,1,20000
7,,,0,14,1,36000
3,5,333,290,14,4,300000
0,1,,502,,3,3473400
3,1,6,307,13,4,200000
3,1,300,150,123,4,400000
0,5,300,150,13,1,100000
0,5,650,230,13,1,300000
3,5,5020,3200,13,9,960000
0,5,500,296,14,4,14000
0,5,1495,559,1,3,800000
2,5,900,450,1,1,70000
0,5,200,136,13,4,90000
0,5,973,323,13,1,260000
0,5,295,115,1,3,200000
1,1,900,450,13,16,311520
1,1,1171,1163,,4,200000
3,5,285,165,13,1,90000
0,5,850,580,13,1,160000
0,5,1264,658,12,4,200000
0,5,546,658,1,4,100000
3,5,300,250,13,4,40000
3,5,620,380,124,1,32000
0,1,157,145,13,1,190000
3,5,245,99,14,1,12000
0,5,120,84,1,1,150000
0,5,1303,613,1,1,750000
3,1,2,1810,13,1,750000
3,5,425,150,124,1,36000
3,5,390,150,134,3,54000
3,5,550,234,134,1,120000
0,5,2840,200,1,17,1530000
0,5,1340,1800,13,3,1200000
2,5,640,240,1,3,150000
2,5,650,350,1,1,84000
0,5,180,60,13,3,150000
0,5,220,79,4,1,264000
0,5,65,193,1,1,300000
3,5,200,120,13,4,45000
0,5,275,150,123,1,40000
2,5,968,1112,1,2,80000
2,5,898,1112,1,2,70000
0,5,900,550,123,9,420000
0,5,3857,1661,1,3,2500000
3,5,715,242,13,3,109000
0,5,2340,1200,1,1,600000
3,5,600,325,4,1,417000
3,5,300,87,4,1,125000
3,5,500,336,134,3,100000
0,5,121,202,1,1,50000
2,5,100,120,1,2,120000
2,5,2215,950,14,3,200000
2,5,1911,1337,1,3,200000
2,5,1725,1225,1,3,400000
2,5,500,1000,1,1,500000
3,1,2,340,13,1,36000
3,5,350,151,13,1,60000
0,5,550,350,2,3,400000
0,1,130,100,4,13,100000
0,5,200,140,12,4,120000
3,5,820,352,1,4,1680000
0,5,393,180,1,1,200000
3,5,500,750,13,9,100000
0,5,450,180,1,1,208000
3,5,1000,350,13,3,300000
0,5,500,500,1,3,150000
2,5,1806,1500,1,3,250000
3,5,170,100,13,4,370000
3,5,425,210,124,1,65000
3,5,125,110,24,1,2100
3,5,341,99,13,1,120000
0,5,400,182,1,2,200000
7,,,0,13,1,360000
2,5,1200,765,1,1,25000
2,5,122,126,1,1,15000
2,5,350,200,1,3,5200000
5,1,935,681,,2,180000
3,5,281,126,13,1,75000
3,1,1,190,13,1,95000
3,5,350,165,124,1,90000
0,5,700,286,134,3,300000
0,5,350,200,23,4,500000
0,5,561,120,2,4,360000
2,1,1,72,1,1,20000
0,5,150,141,13,1,33333
0,5,400,143,2,4,500000
0,5,490,130,12,4,90000
0,5,1456,551,12,3,465500
3,5,1101,767,134,1,155000
3,5,410,200,12,1,168000
3,5,1603,0,134,1,99550
3,5,350,150,1,3,60000
7,,,0,13,4,504000
0,5,405,358,1,3,125000
3,5,244,171,134,3,40000
0,5,4692,2918,2,1,2000000
0,5,190,133,14,3,210000
0,5,723,305,1,3,250000
3,1,247,114,13,1,75000
3,5,450,160,1,3,80000
3,5,200,100,12,1,30000
0,5,200,100,1,1,40000
3,5,200,100,12,1,30000
2,5,1232,1419,14,1,200000
0,5,1960,582,1,3,985000
3,5,119,115,4,3,180000
3,5,352,140,13,1,96000
2,5,370,360,1,3,120000
3,1,4,1308,13,15,100000
3,5,1300,838,1,1,75000
0,5,370,190,123,4,500000
3,5,265,120,134,1,15000
2,5,2778,1220,1,3,182000
0,5,560,220,1,1,300000
0,5,250,155,124,1,80000
0,5,1200,475,1,1,1825000
0,5,75,60,4,2,180000
2,5,550,300,1,1,50000
3,5,140,60,13,4,30000
0,5,1723,252,1,2,416667
0,5,230,150,1,1,250000
3,5,244,150,134,4,76000
0,5,486,360,13,4,444000
0,5,500,210,1,2,120000
2,5,480,199,1,1,50000
0,5,150,70,4,5,440000
0,1,2,170,1,1,335000
3,5,450,200,134,4,100000
3,1,2,94,13,1,100000
2,5,1300,650,1,1,100000
0,5,420,137,1,1,800000
0,5,495,165,1,1,36000
0,5,5473,2232,1,15,275000
3,5,600,324,13,1,155000
2,5,425,350,1,3,52500
7,,,0,1,3,140000
0,5,500,300,123,4,300000
2,5,400,328,1,3,48000
2,5,1000,1042,1,3,252000
3,5,300,200,13,4,36000
3,5,1007,400,13,3,150000
3,1,2,200,13,2,150000
3,5,200,170,13,3,10000
0,5,700,244,1,2,5000000
0,5,500,250,13,4,124800
0,5,1395,515,13,3,525000
3,5,2203,875,14,3,420000
3,5,2146,717,13,1,425000
3,1,4,94,13,3,70000
3,5,470,420,134,4,96000
3,5,450,250,34,4,5000
3,5,5272,2686,14,3,678220
3,5,1264,670,134,3,11700
3,5,1250,1216,13,3,17133
0,5,1310,742,1,3,400000
3,5,290,105,134,1,36000
3,5,700,368,1,4,156000
3,5,7501,500,13,3,120000
0,5,4500,1735,13,3,240000
0,5,1100,625,13,3,60000
3,5,300,230,13,1,75000
0,5,1442,1418,13,9,153333333
0,5,145,100,13,1,60000
0,5,153,126,12,1,175000
3,5,598,411,13,1,10000
3,5,805,365,34,1,120000
0,5,300,199,13,3,234000
3,5,850,824,13,3,120000
0,5,485,68,13,3,390000
3,5,988,561,13,3,150000
0,5,220,53,1,18,125000
0,5,1174,521,1,3,260000
2,5,1600,1450,1,3,150000
2,5,550,202,1,18,84000
3,5,530,180,13,4,60000
0,5,1000,300,1,2,500000
0,5,1000,461,13,1,250000
0,5,2850,1128,124,3,166666
0,5,3300,1376,14,3,75000
2,5,1400,500,1,1,25000
2,5,507,811,1,18,120000
3,1,3600,1916,,3,45000
0,5,300,130,34,1,70000
3,5,519,1200,13,1,225000
3,5,550,230,123,1,72000
0,5,1100,350,13,3,300000
3,5,250,105,123,3,60000
0,5,650,122,1,3,60000
3,5,650,152,13,3,48000
0,5,1580,1179,13,3,1010000
3,5,280,120,123,1,72000
2,5,270,304,1,3,180000
3,1,2,191,13,1,62291
3,1,2,600,13,1,165000
3,5,220,110,13,1,60000
2,5,300,50,1,3,60000
2,1,950,500,1,1,250000
0,5,327,730,13,1,3600000
0,5,2367,1207,13,1,280000
0,5,2573,907,1,1,975000
3,5,847,259,13,4,180000
2,5,769,360,14,1,54000
3,5,450,210,134,1,60000
0,5,1437,644,1,3,450000
0,5,220,73,1,1,130000
3,5,300,122,13,4,60000
0,5,245,140,13,4,80000
2,5,350,120,1,3,30000
0,5,350,250,1,1,320000
3,5,250,100,13,4,50000
0,1,650,200,1,4,656667
3,5,150,76,13,1,40000
2,5,550,491,14,1,40000
0,5,110,87,13,9,1872000
2,1,70,93,1,3,360000
0,5,556,262,12,1,660000
0,5,250,250,12,4,72000
0,5,500,221,1,2,600000
3,5,750,406,234,1,160000
3,5,450,197,13,1,80000
2,5,693,501,1,1,84000
2,5,700,550,1,1,84000
3,1,250,1000,3,3,400000
3,5,2500,1196,13,3,750000
3,5,395,863,123,1,120000
0,5,610,334,13,3,1800000
3,5,160,90,13,3,21500
0,5,320,185,13,4,125000
5,1,20,331,1,3,3600000
3,5,408,280,14,4,36000
0,5,350,95,1,2,150000
3,1,486,454,13,3,60000
0,1,5000,1281,4,4,400000
2,5,3500,700,14,2,75000
3,5,500,200,14,1,25000
3,5,162,70,13,1,25000
2,5,400,250,1,3,30000
0,5,768,737,13,3,200000
3,5,620,260,134,3,104167
3,5,3330,800,13,4,300000
3,1,4,168,13,1,93600
3,5,425,220,134,4,85000
3,5,660,245,134,1,130000
3,5,2500,1192,13,4,500000
3,5,1200,505,13,1,195000
3,5,503,670,3,1,260000
3,5,215,133,13,1,50000
0,5,1200,600,3,4,165000
3,5,100,380,13,4,130000
3,5,300,157,13,3,80000
3,5,220,385,3,4,100000
3,1,2,1812,13,1,350000
3,5,574,312,134,1,100000
3,1,2,137,13,1,100000
7,,,0,13,3,670000
3,1,2,150,13,1,62500
0,5,310,170,13,4,120000
3,5,893,350,13,17,75000
3,5,650,270,134,4,100000
3,5,650,270,13,4,100000
0,5,475,285,13,3,250000
0,1,201,86,1,3,117000
0,5,2145,552,1,3,1250000
0,5,2296,574,13,3,1300000
0,5,2136,600,14,3,1250000
0,5,330,178,1,3,180000
0,5,380,160,1,3,327600
3,1,2,120,13,1,5000000
0,5,3000,2100,134,4,1080000
0,5,355,160,14,1,150000
3,5,820,360,134,1,460000
2,1,145,130,1,1,36000
0,5,320,188,14,4,80000
0,5,362,102,13,1,150000
0,5,230,74,34,1,175000
3,5,722,350,123,1,150000
2,5,170,160,1,5,76000
2,1,20,800,1,3,100000
3,5,150,850,13,2,3000000
3,5,352,135,13,1,40000
2,5,150,80,1,1,20000
2,5,320,412,1,4,30000
0,5,320,135,13,4,80000
2,5,320,412,1,4,30000
0,5,556,237,13,2,26000
2,5,155,140,1,3,15600
3,5,300,200,13,1,80000
0,5,350,95,124,4,60000
3,5,225,115,13,1,65000
3,5,530,300,123,1,130000
3,1,450,325,134,1,425000
3,5,550,275,34,1,75000
0,5,550,250,13,3,120000
3,5,256,566,13,1,300
0,5,665,380,134,1,250000
3,5,559,450,34,1,5000
3,5,260,135,1,1,45000
0,5,250,95,24,4,340000
3,5,495,300,13,1,100000
3,5,450,175,134,1,48000
3,1,2150,745,13,3,350000
3,5,550,405,34,1,60000
3,1,499,400,13,1,120000
3,5,731,669,13,1,12500
3,5,374,187,13,1,14000
0,5,674,224,13,3,208000
0,5,1000,316,13,3,250000
0,5,1000,604,13,3,800000
3,1,132,132,13,1,66667
3,5,500,210,13,1,100000
3,5,250,150,4,2,150000
3,5,117,53,13,2,40000
3,1,2036,602,13,1,24000000
2,5,365,320,1,9,240000
0,5,205,180,1,3,170000
0,5,300,90,1,2,270000
0,5,270,98,1,2,30000
3,5,1000,1300,13,4,150000
2,5,495,200,1,3,176000
3,5,550,310,23,1,95833
2,5,495,200,1,3,176000
0,1,290,155,1,2,260000
2,5,100,520,1,3,125000
0,5,2450,1400,13,3,1800000
3,5,350,163,13,1,50000
0,5,1154,591,13,15,670000
0,5,695,280,13,1,400000
3,5,6716,4500,134,4,300000
3,1,5,500,1,3,750000
0,5,3500,500,1,3,1344000
0,5,4851,212,4,19,4000000
0,5,480,180,13,3,50000
2,5,500,357,1,1,35000
0,5,370,167,134,4,66000
3,1,256,236,134,3,265000
0,1,330,286,1,1,400000
3,5,1200,650,13,4,182000
2,5,960,400,1,3,88000
3,5,284,125,134,4,75000
0,5,130,90,1,1,120000
3,5,360,135,13,1,90000
3,5,1872,300,131,1,80000
0,5,3000,1050,1,2,1500000
0,1,2000,312,,2,1000000
3,5,5500,188,1,2,300000
3,1,4,87,23,2,200000
3,5,305,125,14,1,48000
0,5,425,509,14,4,200000
0,5,1500,481,1,4,1100000
0,5,7600,2650,12,4,960000
0,5,300,407,123,4,170000
0,5,4000,2350,13,4,120000000
0,5,300,120,1,2,220000
3,5,1000,1031,13,1,62774
3,5,480,180,13,1,100000
0,5,1800,1600,13,4,550000
3,5,2000,1800,13,4,600000
3,5,250,120,123,4,48000
3,5,289,124,123,4,50000
0,5,282,259,1,2,10000
0,5,2767,650,1,2,1400000
3,5,150,85,13,1,96000
0,5,3659,1760,1,3,6000000
0,5,480,95,1,3,300000
3,5,700,320,134,1,1500000
0,1,4,760,1,1,6000000
0,1,1723,662,1,3,1250000
2,5,650,487,1,3,50000
0,5,180,70,12,4,180000
3,5,950,480,1234,1,280000
3,5,500,350,13,3,150000
3,5,450,334,123,3,72000
0,5,650,225,123,3,150000
3,5,1150,482,123,1,72000
3,5,1250,580,13,1,120000
3,5,1000,500,134,1,300000
3,1,,235,,4,2000000
3,5,540,290,13,1,1500000
3,5,550,300,13,3,120000
3,5,550,280,134,4,120000
3,5,500,290,13,2,125000
4,1,,0,13,1,333000
0,1,3,2423,1,3,1400000
0,5,550,215,13,3,22000
0,5,250,204,1,1,700000
0,5,2281,1232,1,1,241726
0,5,250,130,13,3,156000
3,5,3000,220,13,3,25000
0,5,11000,900,1,2,1000000
0,5,210,95,1,3,230000
0,5,500,202,1,2,350000
2,5,350,180,1,4,60000
0,5,220,71,1,3,70000
0,5,250,110,1,1,25000
0,5,300,123,12,4,200000
0,5,4500,1500,13,3,180000
0,5,650,350,1,2,400000
0,5,165,85,1,2,200000
2,5,480,617,1,3,16300
3,1,202,81,13,3,300000
0,5,405,283,1,2,364000
0,5,359,150,1,2,4000
0,5,250,250,123,4,450000
0,5,250,182,1,3,330000
2,5,860,736,1,4,72000
0,5,1844,911,13,3,650000
0,5,220,109,13,1,48000
2,1,235,0,,3,6250
3,1,900,600,23,4,300000
0,5,200,115,13,1,300000
3,5,1550,800,13,3,100000
0,5,450,345,1234,4,120000
2,5,250,135,1,3,33300
2,5,700,570,1,2,60000
0,5,273,130,14,2,100000
2,5,425,325,1,4,72000
2,5,520,366,1,4,54000
3,5,480,180,13,3,50000
0,5,569,388,1,3,580000
7,,,0,4,1,500000
3,5,400,120,34,4,60000
2,5,1400,900,1,3,130000
3,5,436,183,34,2,116600
3,5,434,161,134,2,50000
2,5,250,236,1,3,35000
0,5,2000,794,1,1,1500000
7,,,0,14,2,100000
3,1,4,656,123,4,208333
0,5,319,107,13,4,104000
2,5,2150,1500,1,3,250000
3,5,800,400,13,1,80000
2,5,500,300,1,1,50000
3,1,5,1698,13,9,5720000
3,5,312,166,13,3,1123200
7,,150,457,13,3,137500
3,1,1,128,13,1,150000
2,5,800,350,1,3,130000
0,5,350,168,12,4,120000
3,5,4952,2665,13,3,104000
0,1,1100,667,1,1,856840
2,5,2000,1319,1,3,150000
3,5,4475,3197,134,4,180000
0,1,825,1407,1,1,666000
3,5,250,150,13,2,40000
0,5,473,105,1,1,150000
0,5,816,1150,1,1,800000
0,5,496,171,13,1,40000
0,5,105,110,13,1,156000
2,5,995,2195,1,1,500000
0,5,1054,348,1,3,200000
3,5,450,67,13,4,40000
0,5,250,125,14,3,150000
0,5,500,290,14,3,350000
0,5,349,150,1,2,250000
0,5,600,350,1,2,390000
2,5,475,360,1,3,50000
3,1,2,80,13,3,70000
3,5,724,286,13,3,144000
2,5,200,203,1,1,24000
3,1,3,120,13,1,233000
3,5,330,50,,1,100000
0,5,600,478,1,4,1200000
7,,,0,13,3,120000
0,5,242,112,14,3,250000
0,5,350,220,1,3,100000
3,5,365,165,13,4,40000
3,5,470,280,13,3,120000
3,5,320,265,13,1,65000
2,5,370,235,14,3,72000
2,5,790,255,1,9,255000
3,5,2500,1200,12,4,400000
0,5,100,100,1,4,120000
0,5,381,110,12,4,350000
0,5,352,100,12,4,300000
3,1,3,202,13,1,75000
7,,,0,13,1,450000
7,,,0,13,1,650000
2,5,625,474,1,1,80000
7,,,0,12,2,600000
0,5,665,320,1,3,80000
3,5,400,130,13,1,100000
0,5,3500,1100,1,3,1250000
0,5,3000,1040,13,1,500000
3,5,575,200,13,1,150000
3,1,,2752,12,3,953333
3,5,550,320,134,1,125000
0,5,450,322,13,1,416000
3,5,525,156,124,1,100000
3,1,250,150,13,4,120000
0,5,650,280,13,4,300000
0,5,271,114,1,3,400000
0,5,220,120,13,1,80000
0,5,90,60,13,1,78000
0,5,190,154,13,2,200000
3,5,1110,1000,13,3,100000
3,5,,2900,123,3,1083333
0,5,1296,1004,13,4,312000
3,5,2500,1043,123,1,500000
3,5,450,300,13,1,100000
0,5,1126,423,134,3,500000
3,5,670,286,3,3,156000
3,5,483,234,13,1,62000
0,5,840,714,2,4,800000
0,5,647,300,2,4,800000
3,5,204,170,134,1,22500
3,5,495,275,234,1,55000
3,5,320,204,124,1,30000
3,5,351,212,134,1,25000
3,5,376,177,134,1,23500
3,5,700,420,134,1,37500
2,5,456,750,1,20,60000
3,5,500,200,13,1,60000
3,5,400,120,12,1,120000
2,5,468,160,1,3,28000
0,5,450,245,12,4,180000
3,5,485,317,3,1,120000
3,5,1050,350,34,1,130000
3,5,1060,350,134,1,130000
3,5,399,182,13,1,33333333
3,5,250,79,13,3,25000
0,5,415,180,1,1,120000
3,5,450,174,1,1,80000
3,5,800,360,1,1,140000
2,5,1010,590,1,4,50000
3,5,312,118,13,3,6000000
2,5,1000,436,1,1,70000
3,1,,100,,3,831154.0715
2,5,350,520,1,3,60000
3,1,1500,1200,13,4,375000
2,5,350,520,1,3,60000
3,5,730,365,13,1,160000
2,5,600,517,14,4,85000
0,5,1000,430,1,2,750000
3,5,133,88,13,1,60000
3,5,400,0,13,3,19000
0,5,10,550,1,3,700000
2,5,485,300,1,3,40000
3,5,300,120,13,4,37500
0,5,400,150,1,3,125000
0,5,252,84,13,2,150000
0,5,546,216,1,3,108000
0,5,3800,950,1,3,1196000
0,5,350,205,14,2,120000
3,5,900,420,13,4,90000
0,1,2350,100,1,3,165000
3,5,381,140,13,4,50000
3,5,725,290,13,4,70000
2,5,650,874,134,3,160000
3,1,1,120,13,4,100000
0,5,2000,400,1,2,1800000
0,5,189,203,13,4,40000
3,1,1,69,13,2,77500
0,5,313,200,13,4,960000
0,5,131,250,13,2,2028000
2,5,525,450,1,3,37500
0,5,415,163,13,1,55000
3,5,1500,463,1,1,218400
0,5,264,144,1,1,193140
3,1,200,180,13,1,10400
3,5,200,80,13,4,24000
3,1,1,99,13,1,240000
3,5,100,156,13,4,50000
2,5,1500,1200,1,3,140000
2,1,,210,,9,120000
0,5,400,203,123,4,60000
2,1,,210,,9,120000
0,5,1648,975,4,1,75840
2,5,1800,800,4,1,41666
3,5,850,200,13,3,13000
0,5,130,42,34,1,90000
2,5,4500,2300,1,9,300000
0,5,210,127,1,1,200000
0,5,711,390,13,5,75000
0,5,230,208,1,5,4000
3,5,1125,612,134,1,292000
3,5,0,173,13,3,266880
3,5,1000,1293,13,1,2000000
0,1,300,100,1,1,10000
3,1,1000,500,,3,700000
3,5,566,242,14,3,117000
3,5,520,317,13,3,150000
3,5,791,400,14,3,182000
0,5,360,260,12,4,450000
0,5,675,443,1,3,935000
0,5,190,73,12,4,1030000
3,5,430,205,13,1,60000
0,5,325,125,13,3,150000
3,5,240,159,13,3,65000
0,5,418,200,14,1,300000
3,5,250,110,13,1,16000
0,5,218,160,13,1,625000
0,5,410,158,1,1,100000
0,1,1,403,1,1,10000000
0,5,300,130,1,2,300000
0,5,567,235,13,1,96000
0,5,2400,1050,13,1,50000
3,5,920,390,123,3,250000
2,5,1200,800,1,3,150000
0,5,885,330,1,1,180000
0,5,120,80,1,1,100000
3,1,4,387,13,1,1612000
3,5,1750,500,13,2,408000
3,5,460,266,134,1,125000
3,5,377,359,13,1,8500
3,5,728,231,13,1,100000
0,5,480,446,13,4,130000
0,5,330,314,123,4,60000
3,5,175,110,13,1,37000
3,5,115,53,13,3,30000
3,5,750,320,1234,3,188000
2,5,1160,520,1,3,60000
3,5,1108,739,13,3,17000
0,1,5,750,1,1,2000000
3,1,400,190,13,1,169000
0,5,950,416,24,4,70000
3,5,400,212,13,1,83000
0,5,1200,780,1234,4,2000000
3,5,1750,950,13,3,360000
0,5,800,235,1,2,60000
0,5,2440,1057,13,2,9600000
2,5,180,180,1,3,45000
3,5,1390,595,13,3,90000
0,5,510,350,4,3,900000
0,5,2067,876,1,3,1200000
0,5,219,15,1,5,3120000
0,5,1451,672,13,3,8500000
0,5,719,300,13,3,540000
3,5,988,450,3,1,150000
3,5,876,426,13,1,120000
3,5,763,425,3,1,144000
0,5,582,252,14,1,270000
0,5,1560,866,13,3,11000000
0,5,130,101,1,3,31200
2,5,1500,1050,1,21,350000
0,5,250,95,1,3,130000
3,1,1,55,13,1,78000
3,5,264,130,124,4,72000
7,,,0,1,3,125000
3,5,480,157,12,1,70000
3,5,500,225,13,1,150000
2,5,3000,3110,1,22,2400000
0,5,170,140,1,1,200000
3,5,315,135,1,1,72000
3,5,790,260,13,3,50000
0,5,1650,600,1,3,1250000
7,,,0,,1,125000
0,5,150,150,1,1,234000
2,5,4500,712,1,3,150000
3,5,880,220,123,1,166600
0,5,720,209,1,3,75000
0,5,690,415,1,3,362500
0,5,480,350,1,3,1410000
3,5,480,375,134,4,48000
3,5,3443,2800,134,1,4965000
3,5,480,430,34,4,60000
3,5,1000,500,134,4,120000
0,5,376,183,1,1,200000
3,5,676,408,13,1,150000
3,1,201,150,,4,250000
0,5,298,118,1,2,375000
0,5,252,213,1,1,300000
3,5,325,130,13,4,60000
3,5,,171,13,1,25000
3,5,,950,13,1,400000
3,5,350,137,14,4,36000
2,5,350,260,1,3,36000
3,1,486,370,13,4,120000
3,5,306,91,13,1,50000
0,5,266,74,12,4,1000000
2,5,1251,1050,1,3,150000
2,5,900,200,1,3,25000
2,5,505,650,1,3,60000
3,5,2656,2117,13,1,700000
0,5,670,309,1,1,110000
3,5,690,365,123,3,9800000
3,5,350,134,123,1,48000
0,5,500,196,13,3,468000
2,5,1010,25,1,3,125000
2,5,989,750,1,3,130000
3,5,250,200,3,1,40000
3,5,140,134,13,3,75000
3,1,0,0,13,3,520000
3,5,450,175,13,1,90000
1,1,3489,1379,12,3,1399944
0,5,330,190,123,4,550000
3,5,150,110,134,1,36000
3,5,712,270,123,1,175000
0,5,166,120,134,4,24000
0,5,400,250,1,1,70000
3,5,1800,1000,123,4,320000
3,5,90,40,134,4,120000
3,5,250,167,134,1,96000
3,5,350,161,13,1,90000
3,5,400,214,13,1,583000
3,5,4500,2500,13,4,417000
3,5,2050,1250,13,4,225000
2,5,800,585,14,3,75000
3,5,250,150,13,4,40000
0,5,700,192,1,3,240000
0,5,600,102,13,3,16667
3,5,450,220,13,4,50000
0,5,6000,1300,1,2,2650000
2,5,250,150,1,4,50000
2,5,1100,450,1,3,72000
0,5,480,200,2,2,300000
0,5,3570,1381,13,3,660000
3,5,600,250,1,3,120000
7,,177,1250,123,3,400000
3,5,450,235,13,3,120000
3,5,400,155,12,1,72000
3,5,694,227,123,1,18000
2,5,550,490,1,3,40000
2,5,209,169,1,1,216000
3,5,85,89,13,4,30000
3,5,300,125,134,3,120000
3,5,300,130,123,4,35000
3,1,218,124,13,1,200000
3,5,120,89,4,2,315000
3,1,,95,,2,41500
0,5,257,200,1,1,102000
0,5,850,380,13,4,320000
3,5,300,150,13,1,60000
3,5,600,215,134,3,60000
2,5,3350,3132,1,4,400000
2,5,1008,530,1,1,76320
3,5,1100,320,12,1,250000
3,5,450,300,13,1,250000
2,5,3200,2335,1,3,474000
3,1,1,93,13,1,95000
2,5,1500,1150,14,3,18450
0,5,300,135,13,3,300000
0,5,200,100,1,2,150000
3,5,500,230,134,3,70000
0,5,800,285,13,3,200000
0,5,105,85,12,4,360000
0,5,710,184,14,1,3000000
0,5,400,200,123,4,60000
2,5,300,200,1,4,60000
3,5,220,182,13,1,100000
0,5,128,80,1,1,95000
3,5,1250,1174,134,1,300000
3,5,360,340,13,4,96000
0,5,115,134,1,3,200000
2,5,120,72,1,3,6666
3,5,930,461,134,2,250000
0,5,200,103,12,1,60000
7,,,0,14,3,1500000
0,5,300,165,1,2,250000
3,5,394,294,13,2,150000
0,5,577,840,14,4,260000
3,5,1550,750,13,1,240000
3,1,702,381,13,3,4800000
0,5,465,230,1,1,275000
3,1,604,248,13,4,100000
3,5,2450,1400,13,4,1000000
2,1,2000,500,,3,250000
2,5,1500,300,1,3,20000
3,5,297,187,3,1,30000
3,5,470,172,13,4,35000
0,5,1300,1500,1,2,1560000
3,5,80,70,1234,1,20000
0,5,300,107,1,2,292000
3,5,750,693,23,4,360000
0,5,1440,399,13,4,383000
3,5,624,290,123,1,150000
2,5,1800,800,1,1,120000
3,5,817,200,1,3,100000
3,5,160,90,24,4,36000
2,5,2800,1863,1,3,2000000
0,5,1250,762,12,4,288000
0,5,270,98,13,1,150000
0,5,250,70,14,2,150000
0,5,300,100,1,2,250000
2,1,450,209,1,9,37500
3,5,250,106,13,1,20000
0,5,110,100,13,1,50000
0,5,220,85,12,4,28000
0,5,150,95,1,23,300000
3,1,7500,655,13,1,2400000
0,5,250,170,1,4,100000
0,5,475,211,134,1,156000
3,5,330,186,34,4,75000
0,5,481,167,1,3,400000
0,5,2197,620,1,3,795000
0,5,585,145,1,1,400000
0,5,2050,0,13,3,12500000
0,5,460,124,1,3,1000000
0,5,420,0,13,3,100000000
2,5,1260,605,14,3,120000
0,5,500,182,13,1,72000
0,5,750,752,1,12,450000
3,5,490,310,13,1,50000
0,5,600,600,1,2,30000
0,5,264,168,12,4,72000
0,5,891,157,1,3,160000
0,5,250,130,234,4,750000
3,5,450,250,13,2,72000
7,,30,265,134,1,90000
3,5,220,123,13,4,40000
7,,,0,123,3,100000
0,1,4,44,13,3,850000
0,5,475,304,13,2,300000
0,5,500,170,1,2,315000
0,5,500,300,1,2,250000
0,1,3,182,123,4,360000
3,1,3,96,12,4,650000
2,5,206,2481,1,3,46080
0,1,4,380,13,10,200000
7,,,0,13,1,120000
3,5,500,569,13,4,300000
2,1,229,215,1,3,83334
0,5,145,93,1,1,156000
0,1,4,100,13,3,350000
0,5,230,91,1,3,130000
3,5,380,220,13,1,60000
0,5,460,479,13,3,225000
3,1,2,136,13,1,350000
3,1,133,57,13,1,104000
0,5,344,156,1,3,90000
3,5,200,40,4,4,72000
3,5,1353,372,13,1,316667
0,5,2100,439,13,1,660000
0,5,709,180,13,3,2420400
3,1,1,98,13,1,13000
0,5,305,95,13,3,125000
3,1,2,342,134,1,1800000
0,5,352,180,1,1,50000000
3,5,112,52,13,1,270000
3,5,550,400,13,4,60000
0,5,0,233,1,3,1100000
0,5,300,104,34,3,215716
3,5,600,309,13,1,130000
3,5,250,140,13,4,36000
0,5,580,254,1,3,700000
2,5,302,270,1,3,36000
3,5,450,325,13,4,104000
0,5,2600,1250,1,3,145000
3,5,300,200,13,1,104000
0,5,850,868,14,3,1300000
3,1,7,74,13,1,1000000
3,5,1925,1380,13,1,46800
2,5,900,600,1,3,96000
3,5,230,280,14,1,100000
0,5,750,370,4,3,400000
3,5,195,78,124,1,10400
3,5,1200,350,13,1,300000
3,5,400,350,13,1,50000
0,1,2,172,1,5,100000
3,5,145,64,123,1,30000
3,1,148,125,13,1,2500000
3,1,2,51,13,4,3000
3,5,350,114,13,3,400000
0,5,450,395,1,2,96000
3,5,300,140,134,1,45000
3,5,450,250,13,1,90000
3,1,152,200,1,1,165000
0,5,1200,350,1,2,75000
2,5,520,393,1,4,60000
0,5,200,59,1,2,2000000
0,5,120,84,1,4,40000
0,5,300,200,1,2,60000000
3,5,200,170,13,2,120000
3,5,550,300,134,1,96000
0,5,350,112,12,1,675000
0,5,500,250,123,4,120000
3,1,5,150,13,11,1500000
3,5,295,140,123,1,52000
3,5,1435,500,1,1,100000
0,5,0,0,12,4,360000
3,5,250,170,13,4,25000
0,5,450,275,134,1,140000
3,5,450,425,134,3,62000
3,5,220,200,13,4,36000
3,5,586,230,134,1,12500
5,1,,0,1,1,100000
3,5,610,600,13,3,70000
2,5,988,550,1,3,82500
2,5,300,266,1,3,60000
3,5,425,250,34,1,75000
3,1,850,987,13,3,3600000
3,5,1000,800,13,1,520000
3,5,676,340,13,3,60000
3,5,405,220,13,1,60000
3,5,2200,1000,13,1,300000
3,5,2633,1280,13,1,60000
3,5,850,650,13,1,100000
0,5,410,230,13,1,60000
3,5,350,130,123,1,60000
3,5,901,670,3,1,250000
3,5,2184,1818,3,1,765000
3,1,4,2000,13,1,1250000
3,5,200,531,13,1,150000
2,5,1406,1104,1,1,250000
2,5,467,350,1,1,80000
0,5,166,79,1,1,55000
0,5,832,420,1,2,600000
3,5,304,160,134,1,36000
0,5,5200,1973,1,3,160000
0,5,254,689,1,1,750000
2,5,998,800,14,1,85000
0,5,120,100,1,3,140000
2,5,687,350,1,3,50000
0,5,130,70,1,1,220000
0,5,390,301,124,4,156000
3,5,255,131,123,4,62500
3,5,650,200,13,4,450000
3,5,1954,1082,1234,3,500000
3,5,280,180,13,1,62400
0,5,450,177,14,1,400000
3,5,350,137,3,1,55000
3,5,220,103,134,1,35000
3,1,182,50,13,4,62000
0,5,180,82,1,2,150000
3,1,350,220,14,1,180000
0,5,210,273,24,4,200000
3,5,1200,869,13,1,300000
3,5,780,274,1,3,15000000
0,5,488,248,13,3,400000
0,1,1450,962,13,1,150000
3,5,3151,1135,13,3,450000
3,5,1342,700,1,4,36000000
3,5,400,165,13,1,75000
7,,,0,1,1,60000
3,5,2299,1928,13,3,600000
0,1,199,165,1,1,78000
3,5,150,91,13,1,60000
0,5,182,120,13,1,50000
3,5,350,95,124,1,70000
3,5,2633,1280,13,1,60000
0,5,1635,733,12,1,310000
0,5,850,393,14,1,250000
3,5,1320,748,12,1,390000
3,5,582,400,134,1,150000
3,5,375,140,13,3,96000
3,5,1059,574,13,15,1335000
0,5,490,252,13,15,456250
3,5,4500,2535,13,1,1000000
0,5,185,102,13,2,65000
3,5,580,225,134,2,75000
2,5,1200,800,14,3,145600
0,5,400,160,1,3,140000
2,5,400,300,1,3,50000
2,5,2200,1000,14,3,182000
0,5,6000,3500,13,4,600000
0,5,2000,650,13,3,400000
2,5,425,250,1,1,50000
3,5,326,190,134,2,70000
0,5,495,220,14,1,300000
3,1,200,198,13,1,100000
0,5,1300,500,13,3,500000
3,5,450,261,34,1,84000
3,1,1,50,13,24,80000
0,5,1948,800,13,1,300000
0,5,700,439,1,1,750000
3,5,496,128,14,1,84000
3,5,3000,1200,14,3,300000
3,5,870,328,134,1,102000
0,5,184,85,1,2,100000
3,5,241,238,13,4,45000
0,5,200,126,13,1,250000
2,5,600,320,1,1,50000
3,5,315,129,134,1,108000
0,5,1762,1630,1,3,17846400
3,5,869,435,13,3,5631398
3,5,250,110,134,1,90000
0,5,150,120,1,1,12500
3,5,220,143,123,4,55000
0,5,120,57,1,3,30000
0,5,1742,2353,1,3,400000
0,5,120,57,1,3,30000
7,,,0,134,3,300000
7,,,0,13,3,667000
3,5,810,300,13,3,3360000
0,5,1316,320,14,3,350000
0,5,2270,1280,1,3,14400000
0,5,500,215,1,3,500000
3,5,450,230,13,1,60000
3,5,320,125,124,1,60000
0,5,1076,604,14,3,625000
2,5,200,120,1,3,16250
0,5,300,220,1,3,360000
3,5,523,379,14,3,68000
3,1,,47,,1,100000
0,1,1,100,13,3,350000
0,5,385,220,1,1,6000000
3,5,392,248,123,4,75000
0,5,300,125,13,3,104000
3,5,400,187,134,4,220000
2,5,824,432,1,25,100000
2,5,1065,432,1,25,52500
3,1,240,100,13,4,60000
0,5,195,55,1,1,120000
3,5,600,350,13,4,13000
3,5,400,250,134,4,78000
2,5,200,100,1,3,25000
3,5,216,142,134,4,24000
6,1,,0,13,1,312000
3,1,2,300,13,3,500000
2,5,980,600,14,3,100000
2,5,1200,227,1,3,55000
3,5,269,172,134,4,31200
3,5,1034,498,13,1,200000
3,5,278,198,13,4,40000
3,1,4,175,13,1,1200000
3,5,575,396,134,1,70200
3,1,1450,630,123,4,250000
2,1,1600,600,1,3,5000000
3,5,800,456,13,3,120000
2,5,2854,1276,14,3,250000
3,1,7000,1349,,1,962400
3,5,545,325,1,3,120000
0,5,170,160,14,3,150000
0,5,1370,922,1,1,785000
3,5,270,125,13,1,60000
0,5,320,207,13,1,95000
0,5,1500,795,1,3,7000000
2,5,1200,1850,1,3,8000
3,5,500,230,13,1,95000
0,5,2295,922,1,3,700000
2,1,490,250,14,3,10000
3,5,500,305,134,1,120000
3,5,500,251,13,3,102000
3,5,150,86,13,3,40000
3,1,2,447,4,3,100000
3,5,630,378,124,2,100000
3,5,350,96,124,2,30000
3,5,600,326,13,1,76500
3,5,2150,1765,123,1,300000
3,5,470,308,12,2,200000
3,5,300,149,24,2,70000
2,5,5000,2522,14,2,300000
3,5,562,580,13,3,640000
0,5,500,240,13,2,41666667
3,5,800,350,13,1,160000
0,5,358,104,1,3,220000
3,5,400,136,14,1,60000
0,5,290,90,1,1,260000
3,5,2594,2200,13,1,29166
3,5,861,265,13,3,1500000
3,5,900,600,13,1,150000
2,5,1127,964,1,4,33333
0,5,205,85,1,1,60000
0,5,120,69,1,1,120000
3,5,1200,1618,13,4,350000
2,5,1200,1129,1,3,120000
0,5,0,230,13,3,390000
3,5,600,380,134,1,120000
0,5,300,250,1,1,100000
2,5,500,325,1,3,90000
2,5,739,800,14,3,60000
3,5,580,338,13,3,208000
3,5,350,175,14,1,45000
3,5,405,194,13,1,50000
3,1,850,238,13,1,300000
3,1,650,291,123,3,15000
2,5,615,737,1,2,84167
3,5,1200,318,123,1,130000
3,5,547,200,13,1,114000
0,5,300,110,14,1,10200
0,5,370,250,1,4,400000
0,5,230,120,13,4,160000
0,1,25,56,1,1,10170
3,5,880,503,134,1,100000
3,5,875,539,134,1,100000
3,1,360,120,13,1,91250
3,5,1660,1366,13,3,750000
0,5,350,225,14,4,19000
3,5,850,500,13,1,200000
0,5,2200,460,134,9,350000
2,5,135,80,1,1,12000
3,1,5,119,13,3,145000
0,5,2150,1226,1,3,1000000
2,5,750,555,1,3,415000
3,5,1595,900,13,1,300000
0,5,1200,1000,1,9,1050000
0,5,400,395,1,2,300000
0,5,162,100,1,3,96000
3,5,9007,6211,13,4,780000
0,1,400,213,1,4,62149
2,5,1072,805,1,2,120000
2,5,1400,550,14,1,165000
3,1,2,587,13,4,1500000
3,5,199,100,13,1,65000
3,5,800,396,123,1,100000
3,1,4,173,13,3,120000
0,5,4217,1443,14,1,1350000
3,5,410,260,134,3,84000
2,5,385,482,1,1,48000
3,5,930,639,13,4,125000
3,5,280,105,13,4,35000
1,1,5,1800,134,1,10000000
2,5,1260,400,1,3,88000
0,5,500,200,13,4,80000
2,5,323,993,1,3,130000
0,5,427,160,1,3,200000
0,5,1190,760,13,3,200000
2,5,800,738,1,3,150000
0,5,700,235,1,2,300000
2,5,2200,100,14,3,200000
2,5,4300,2000,14,3,300000
3,5,,1300,123,3,700000
3,5,510,350,13,1,200000
2,5,650,304,1,3,45000
3,5,650,400,3,1,120000
3,5,708,346,13,3,48000
3,5,400,200,3,1,80000
0,5,1500,450,13,2,625000
3,5,2723,1619,13,3,416750
3,5,1436,760,3,1,212000
3,5,838,592,13,1,141000
3,5,400,200,134,1,100000
3,5,280,120,134,2,30000
3,5,550,262,134,2,75000
3,5,564,298,134,1,50000
2,5,258,157,1,3,25000
3,5,547,320,13,4,250000
3,1,250,142,13,3,133333
3,5,210,120,34,3,30000
2,5,220,200,1,3,50000
0,5,404,151,4,2,300000
0,5,300,160,124,4,410000
0,5,280,145,1,3,240000
3,5,350,172,13,3,60000
3,5,850,319,34,3,170000
3,5,300,166,13,1,60000
2,5,1150,950,14,1,58000
6,5,,0,13,3,1500000
6,5,30,481,134,3,2175000
3,5,420,240,13,3,83000
3,5,275,140,12,1,55000
3,5,195,105,13,1,57200
0,5,460,120,1,2,600000
3,5,1215,578,4,1,750000
3,5,300,200,134,1,50000
3,1,480,0,,3,250000
0,5,564,217,1,3,300000
3,5,1152,720,13,1,250000
3,5,2120,1250,134,3,500000
0,5,260,85,34,3,150000
3,5,550,300,34,1,85000
3,5,470,203,14,1,50000
0,5,400,180,12,4,500000
3,5,2848,2297,3,4,349992
0,5,130,108,1,3,25000
3,5,350,191,13,1,80000
3,5,400,160,124,4,25000
0,5,600,300,13,3,200000
3,5,85,50,13,1,15000
0,5,225,150,4,1,120000
0,1,300,200,13,1,25000
0,5,120,144,1,1,100000
3,5,287,149,3,1,30000
3,1,496,450,1,1,10000
3,1,,0,,2,540000
0,1,1,57,4,1,100000
3,5,325,150,124,1,8500
0,5,230,110,1,1,480000
3,5,540,276,34,3,90000
3,5,569,239,13,3,100000
3,5,532,234,13,3,100000
0,5,300,230,14,4,120000
3,1,550,166,13,3,9850000
3,5,2700,3000,134,1,4965000
3,5,492,278,12,1,170000
3,1,0,76,13,17,120000
3,5,798,607,1,4,180000
2,5,4418,3698,14,2,495000
2,5,2695,4679,14,9,185000
0,5,440,283,1,1,2000
3,5,100,100,13,1,200000
0,1,,93,,1,300000
3,1,600,160,13,3,9690000
0,5,422,757,13,1,700000
2,5,400,411,1,3,45000
0,1,2563,794,1,2,1260000
3,5,301,200,13,3,30000
3,5,500,204,134,1,90000
3,5,285,175,13,1,50000
0,5,200,145,1,1,36000
2,5,460,400,1,3,66700
0,5,500,250,13,3,200000
3,5,250,149,123,4,90000
3,5,750,532,13,2,150000
0,5,600,250,124,4,300000
7,,35,647,123,1,150000
2,5,100,948,1,3,250000
3,1,619,180,13,1,250000
3,5,850,260,3,1,60000
3,5,892,503,34,3,234000
4,1,,100,13,3,180000
3,5,650,260,13,1,210000
0,5,500,550,12,4,150000
0,5,502,123,12,4,30000
3,1,2,172,13,3,100000
2,5,600,482,1,4,75000
0,5,650,415,14,4,120000
0,5,550,152,1,2,7000000
3,5,194,87,13,4,35000
2,5,6618,1200,1,3,1168750
0,5,172,160,1,3,240000
3,5,200,80,134,4,2000
3,5,1300,564,134,2,500000
3,5,460,249,134,2,108000
3,5,1300,564,134,2,500000
3,1,2,54,13,2,96000
2,5,550,348,1,3,24000
0,5,550,350,13,1,110500
3,5,585,275,13,1,60000
3,5,557,310,134,1,120000
0,5,350,200,1,3,500000
3,5,490,254,134,2,120000
3,5,405,140,123,2,100000
0,5,600,271,13,4,120000
0,5,1000,780,13,4,250000
7,,,0,1,3,145000
2,5,452,250,1,3,500000
0,5,260,132,13,3,135417
0,5,20,100,1,1,200000
3,5,600,314,3,4,40000
3,5,400,185,1,2,120000
0,5,450,200,1,2,260000
2,5,995,607,1,3,100000
0,5,1000,472,2,3,2800000
0,5,600,336,2,1,1800000
0,5,500,300,2,1,1600000
3,1,3,99,13,3,250000
0,5,200,90,1,2,120000
0,5,600,280,14,1,260000
3,5,520,0,13,4,130000
3,5,120,287,13,3,2184000
3,1,20,900,,10,400000
3,1,,735,,1,5000000
0,5,441,179,1,1,480000
0,5,205,91,13,19,40000
5,1,,0,,1,1500000
0,5,1065,525,13,26,1200000
1,1,600,564,123,9,650000
3,5,360,210,134,4,17000
2,5,700,350,1,3,70000
3,5,125,75,13,1,33000
3,1,209,120,13,1,200000
3,5,244,140,12,3,80000
2,1,1,233,1,1,100000
0,5,600,250,,1,110000
3,5,250,191,124,1,48000
3,5,595,350,13,1,90000
0,5,1405,114,13,3,390000
3,1,540,337,1,4,82750
3,1,4,131,13,4,250000
0,5,712,712,13,1,200000
0,5,250,96,1,1,72000
0,5,1000,240,1,2,65000
0,5,830,400,124,4,840000
0,5,350,92,13,4,250000
3,5,190,85,134,1,35000
3,5,432,190,13,1,165000
2,5,1200,600,1,3,90000
2,5,464,356,1,3,45000
2,5,580,400,1,1,50000
3,5,250,145,134,4,13000
0,5,625,194,1,2,612900
2,5,275,247,1,4,60000
0,5,2000,1368,123,4,60667
0,5,405,192,124,4,240000
3,5,181,244,13,4,40000
0,1,1,286,1,2,500000
3,1,2,2012,13,3,2000000
2,1,162,66,1,1,47750
2,1,120,40,1,1,50000
3,5,1072,594,3,3,200000
0,5,230,207,13,3,300000
0,5,810,460,13,3,500000
3,5,710,490,134,3,1000000
3,5,1515,303,124,1,500000
0,5,1619,514,1,1,800000
3,5,213,97,134,1,45000
2,5,850,236,1,3,100000
3,5,1200,514,13,3,15000000
3,5,1010,407,13,3,120000
3,1,3,55,4,1,200000
0,5,262,150,1,3,390000
3,5,175,155,123,3,50000
3,5,200,112,13,4,40000
3,5,300,140,13,3,60000
3,1,1565,655,13,3,300000
0,1,200,95,13,1,1800000
3,5,250,294,134,4,90000
0,5,960,550,1,2,60000
0,5,1312,266,1,2,580000
0,5,379,170,1,2,288000
2,5,1445,1101,14,3,115200
0,5,210,110,13,1,120000
2,5,8000,6844,1,27,650000
3,5,450,213,3,1,90000
3,1,3,74,13,1,300000
3,5,450,320,13,1,75000
0,5,350,150,123,4,150000
0,5,305,240,13,2,250000
0,5,1000,571,1,3,700000
3,5,350,180,13,1,550000
0,5,500,250,1,2,300000
3,5,600,450,134,4,100000
3,5,250,200,13,4,50000
0,5,500,375,23,4,45000
0,5,100,250,1,1,120000
3,5,193,90,13,4,24000
3,5,250,115,13,4,32000
2,5,695,300,1,4,72000
3,5,150,108,13,1,54000
6,5,19,975,13,1,4350000
3,5,370,140,13,4,48000
3,5,140,88,14,4,30000
3,5,600,0,13,3,125000
0,5,1197,639,13,1,700000
3,5,300,195,124,1,160000
0,5,843,409,1,1,500000
7,,,0,1,3,80000
0,5,230,67,4,3,100000
0,5,205,133,1,3,25000
0,5,330,113,1,1,130000
3,5,750,200,1,3,100000
0,5,170,100,134,1,60000
2,5,1100,500,1,3,80000
3,5,420,260,13,1,100000
0,5,4700,1882,13,3,187500
0,5,584,424,1,3,650000
3,5,1100,447,134,1,156000
3,5,295,145,123,1,52000
3,5,2996,2900,13,4,5760000
3,5,4998,4900,13,4,8640000
3,5,675,270,134,4,2500000
3,5,150,100,14,4,30000
3,5,500,250,13,3,81667
3,5,160,85,123,4,20000
0,5,3000,622,1,4,720000
0,5,779,1013,13,4,286000
0,1,3,300,1,4,900000
3,5,5322,1500,13,2,3000000
0,5,800,260,13,3,400000
0,5,3430,1171,13,24,7500000
3,5,660,275,13,1,124800
3,5,500,322,12,1,96000
3,5,500,400,13,1,80000
3,5,720,422,13,1,72000
0,5,450,202,1,3,300000
2,5,2500,538,1,3,3776676
0,5,245,111,1,2,312000
3,5,515,200,124,1,100000
3,5,350,252,123,4,60000
3,5,700,639,123,4,160000
0,5,300,142,123,4,70000
3,5,220,118,13,1,26800
2,5,57,28,1,1,33500
2,5,16,12,1,1,14352
0,5,300,129,134,1,45000
0,5,250,132,13,4,65000
3,5,330,110,13,1,78000
2,5,650,246,,1,291000
7,,,0,13,1,120000
3,5,1200,647,123,1,225000
0,5,2100,1150,134,3,1574737
3,5,890,530,13,1,400000
3,5,1060,406,123,1,143529
3,5,333,215,123,1,74750
0,5,1371,250,1,12,600000
0,5,480,150,1,3,310000
3,5,400,150,134,1,40000
0,5,850,301,2,4,1200000
0,5,600,131,2,4,1200000
2,5,950,280,14,1,208350
0,5,350,111,1,4,60000
0,1,205,100,134,2,150000
4,1,,0,12,1,2500000
3,5,340,185,13,3,150000
3,1,352,120,13,4,300000
3,1,2,87,13,1,2500000
3,5,500,287,13,4,100000
2,5,415,237,1,2,180000
2,5,500,220,1,1,300000
0,5,150,67,1,2,84000
3,5,300,95,13,1,30000
2,5,470,250,1,4,144000
2,1,1375,560,,9,350000
0,5,2812,870,13,2,1040000
0,5,350,122,1,2,208000
3,1,500,0,,3,80000
3,1,1,220,13,2,130000
3,1,1,290,13,3,500000
3,1,395,278,13,1,400000
0,5,800,450,1,3,120000
2,1,383,674,1,3,8500000
2,5,425,478,1,3,30000
2,5,450,350,1,4,60000
3,5,490,0,13,1,11000
2,5,292,272,1,1,48000
2,1,120,50,1,3,75000
3,1,4,113,13,4,50000
3,5,4600,1333,134,3,200000
0,5,230,200,1,2,120000
2,5,1500,900,1,3,160000
2,5,480,250,1,3,120000
1,1,129,57,14,3,300000
0,5,750,250,1,3,250000
3,1,222,259,13,2,200000
3,5,698,497,13,1,108000
2,5,205,220,1,1,36000
3,1,300,250,13,3,150000
3,1,3,106,13,1,831154.0715
0,5,250,115,1,3,200000
0,1,140,100,13,3,350000
0,5,650,260,13,1,650000
3,5,450,215,134,1,100000
3,5,250,130,13,1,40000
3,5,450,250,134,1,15000
3,5,836,212,13,3,30000
2,5,450,265,1,3,60000
3,5,325,130,34,4,36000
0,5,515,465,1,1,70000
0,5,664,325,134,3,500000
2,5,1615,1530,1,3,200000
2,5,1182,995,1,1,150000
3,5,120,110,14,4,25000
0,5,1400,415,1,2,120000
0,5,1400,415,1,2,1200000
3,1,300,186,13,1,100000
3,5,1250,814,13,27,416000
3,5,3000,4668,13,2,833000
2,5,350,200,1,4,50000
3,5,300,150,123,4,42000
0,1,1,120,1,3,5000000
4,5,10,94,13,3,125000
3,5,715,572,13,1,240000
3,5,550,192,13,2,80000
0,5,150,327,1,28,40000
3,5,700,400,12,1,150000
0,5,715,153,1,1,2000000
2,5,1100,450,1,1,100000
3,5,216,115,13,4,50000
2,5,820,400,14,1,75000
0,5,180,100,1,1,50000
3,5,300,125,14,1,30000
3,5,1150,560,3,2,200000
3,5,2250,1300,3,1,400000
3,5,1150,570,3,2,20000000
3,5,1300,560,13,3,225000
3,5,240,120,13,4,60000
3,5,250,162,13,1,40000
3,5,450,261,1,4,140000
3,5,400,210,13,1,36000
0,5,320,120,1,2,300000
0,5,100,125,1,1,200000
2,5,570,450,1,3,75000
0,5,450,339,1,3,204000
3,1,320,236,13,3,120000
3,1,2,223,13,3,150000
3,5,1600,800,13,4,350000
0,5,900,650,4,4,850000
0,5,5190,3025,13,9,46616000
0,5,220,52,1,2,20000
2,5,1000,720,1,1,100000
3,5,400,250,3,1,130000
3,5,550,340,12,1,130000
3,5,1550,650,134,3,250000
3,5,530,228,123,1,62500
3,5,350,208,124,1,35000
3,5,472,250,13,4,1000000
0,5,172,75,123,1,30000
3,1,3,182,13,2,83000
7,,,0,12,1,30000
0,5,850,363,1,3,400000
0,1,175,112,1,1,150000
3,5,700,300,13,2,300000
2,5,742,510,1,1,100000
3,5,307,143,13,1,70000
3,1,800,421,14,3,166666
0,5,350,100,13,3,72020000
2,5,120,200,1,3,8333
3,1,11000,8500,1,17,180000
2,5,600,606,1,3,50000
0,5,150,150,1,3,22000
3,5,300,120,13,4,49400
3,1,4,186,13,4,600000
3,5,350,205,124,1,20000
0,5,935,528,1,2,468000
3,5,500,100,13,3,150000
3,5,700,270,3,1,5000000
2,5,100,1063,1,29,221000
3,5,495,279,123,4,50000
0,5,200,152,13,3,184000
3,5,800,330,13,3,250000
3,5,1020,600,123,4,105500
0,5,1500,852,13,4,480000
0,5,219,175,13,1,50000
3,5,580,216,13,1,60000
2,5,766,580,14,3,105000
2,5,850,700,1,3,70000
3,5,520,232,13,1,100000
0,1,170,180,13,4,60000
2,5,800,400,14,3,100000
0,1,2,150,,4,831154.0715
3,1,1,89,13,2,5000
3,5,198,99,134,1,100000
3,5,1974,1116,3,1,400000
3,5,433,223,13,4,75000
2,5,1200,500,1,2,100000
2,5,650,300,1,3,162500
0,5,2000,720,134,30,300000
3,5,0,450,123,4,39700
3,1,,305,,3,6912000
0,5,850,491,13,4,200000
3,1,2,1557,13,1,1000000
3,5,300,125,34,1,40000
3,5,723,466,13,1,300000
0,5,350,276,1,3,60000
0,5,350,112,1,2,375000
0,5,220,75,1,1,150000
0,5,650,257,13,1,3200000
0,5,65,65,1,15,195000
3,5,820,352,13,1,210000
3,5,308,158,134,4,30000
3,5,27772,2110,13,3,770000
0,5,230,100,34,4,100000
0,5,450,200,134,4,20000
3,5,767,347,13,1,150000
3,5,771,748,13,1,7500
2,5,1448,1106,1,4,25000
0,5,350,275,4,1,366102
3,5,494,584,13,3,75000
0,1,301,97,1,1,1250000
0,5,480,200,1,3,800000
0,5,200,100,1,2,600000
0,5,480,350,134,1,350000
2,5,1100,791,1,3,145850
3,5,350,112,13,4,30000
2,5,800,500,1,3,533400
0,5,250,150,1,1,80000
2,5,800,1000,1,1,100000
0,5,1700,800,13,1,910000
3,1,2000,1200,13,2,1137500
0,5,600,190,1,2,3000000
3,5,175,70,134,1,36000
0,5,950,350,1,4,100000
0,5,750,210,13,4,1190738
3,1,167,107,13,4,130000
0,5,160,88,14,1,150000
0,5,453,200,134,4,84000
0,5,1850,720,4,4,25000
0,5,400,140,1,3,150000
0,5,1400,700,4,2,60000
2,5,300,150,1,3,40000
3,5,360,155,13,3,76000
0,5,350,186,13,1,156000
3,5,488,310,13,4,90000
3,5,1637,913,34,3,310000
2,5,880,500,1,1,120000
3,5,400,200,134,1,40000
3,5,3120,2350,13,4,700000
3,5,293,208,13,22,136000
3,5,4200,2360,13,4,780000
3,5,368,134,13,4,5000
0,1,0,0,,1,390000
3,5,550,235,123,1,124800
3,5,335,117,13,1,80000
3,5,350,195,134,3,41600
3,5,509,228,13,3,100000
0,5,420,140,1,9,613000
0,5,475,215,12,4,750000
6,5,70,425,13,3,1000000
3,5,950,400,13,1,240000
0,1,2,162,4,1,350000
0,5,451,205,13,2,312000
2,5,1050,764,14,1,108000
3,5,1135,895,13,3,15000000
0,5,461,359,12,4,420000
3,1,7,109,13,4,360000
3,1,280,180,3,1,6000
3,5,300,152,13,1,100000
2,5,250,178,1,1,30000
3,1,2,192,13,3,10000
3,1,1,140,13,1,200000
2,5,350,148,1,3,36000
2,5,300,200,1,1,1000000
3,1,1,74,13,1,730000
3,5,1501,3173,1,1,100000
3,5,480,240,3,1,55000
0,1,,0,1,9,250000
0,5,150,323,1,1,70000
3,5,950,500,13,1,200000
3,5,400,224,13,1,120000
0,5,550,450,1,3,540000
3,1,600,350,13,1,522000
0,5,720,451,13,3,362500
3,5,1500,819,134,1,200000
0,5,280,160,13,1,490000
3,5,250,210,13,3,30000
3,5,350,264,134,3,60000
0,5,190,120,124,4,75000
3,5,250,200,134,4,36000
0,5,863,320,12,4,750000
0,5,140,45,1,2,60000
2,5,400,200,1,4,60000
0,5,1835,674,1,1,350000
3,5,400,190,13,3,50000
3,5,828,484,3,1,124800
0,5,436,282,13,4,444000
3,1,940,515,134,1,300000
2,5,2,10,1,1,1500000
3,5,3748,500,13,1,100000
0,5,600,350,1,1,300000
0,5,588,234,123,1,93000
0,5,412,166,1234,1,72000
3,5,240,180,13,1,140000
3,5,240,180,13,1,140000
3,5,704,256,123,1,10000000
3,5,1833,900,12,1,345000
3,5,762,309,3,1,150000
2,5,800,510,1,3,60000
3,5,502,309,3,1,60000
0,5,1612,712,1,3,14400000
3,5,1222,744,3,1,300000
3,5,1530,735,13,1,390000
2,5,1300,750,1,1,175000
3,5,1200,1000,3,1,25000
3,5,426,200,123,1,75000
0,5,275,110,134,4,40000
3,5,750,550,13,1,130000
3,5,1812,647,134,1,400000
3,5,595,308,13,1,200000
0,5,140,82,12,4,120000
3,5,500,215,1,1,140000
3,5,300,150,134,1,20000
0,5,250,67,1,3,1500000
0,5,420,172,13,1,150000
0,5,250,450,13,1,80000
3,5,300,160,13,1,30000
6,1,,500,,3,7500000
3,5,219,205,13,1,40000
2,5,40,65,1,3,12000
3,5,382,195,13,1,150000
0,5,150,86,12,4,240000
2,5,986,800,1,3,100000
2,5,498,328,1,3,50000
2,5,491,375,1,3,50000
3,5,260,153,134,1,45000
3,5,1450,912,34,1,520000
3,5,185,115,134,12,20000
3,5,1450,912,34,1,520000
7,,100,357,13,3,831154.0715
3,5,500,300,13,1,260000
3,1,560,335,13,3,90000
3,5,170,110,13,1,36000
3,5,200,100,123,1,60000
3,5,940,684,13,4,150000
0,5,153,150,13,3,6250000
0,5,119,240,1,2,3000000
0,5,850,816,13,2,1000000
0,5,1000,300,13,2,500000
7,,100,500,13,1,700000
0,5,240,97,1,2,140000
3,5,800,550,134,4,72000
3,5,3555,1500,13,4,700000
3,5,2500,1100,13,1,195000
3,5,170,82,1,1,36000
3,5,455,186,123,1,72000
3,5,324,142,12,4,50000
0,5,500,185,13,3,293000
0,5,1200,470,13,1,356000
3,5,920,500,3,1,280800
3,5,225,150,123,4,50000
3,5,1615,690,13,1,216750
0,5,600,432,14,2,300000
0,5,997,550,1,2,500000
3,5,130,90,13,4,50000
0,5,501,161,1,3,312000
7,,,0,1,1,140000
3,5,300,830,13,3,1350000
7,,,471,13,1,66667
0,5,250,160,13,4,260000
3,1,150,145,13,1,600000
3,5,550,350,13,2,80000
3,5,990,627,3,2,250000
3,5,825,425,13,1,144000
3,5,450,230,13,1,84000
3,5,800,710,13,3,320000
0,5,302,207,13,1,40000000
0,5,295,245,13,1,36000
0,5,150,240,1,2,120000
3,5,2000,2916,123,2,400000
3,5,960,330,123,2,200000
2,5,559,778,1,1,138700
0,5,1315,470,134,1,220000
3,5,350,213,12,1,200000
3,5,370,260,13,1,633333
2,5,800,853,1,1,74000
3,5,1000,868,123,1,200000
2,5,370,314,1,1,36300
0,5,240,139,13,1,400000
0,5,570,315,1,1,167000
3,5,1787,1348,13,4,288000
0,5,212,77,1,1,75000
0,5,300,125,1,1,128000
3,5,450,160,1,3,80000
0,5,600,170,13,3,300000
2,5,400,292,1,3,45000
0,5,600,170,13,3,300000
2,5,300,175,1,3,40000
3,1,350,0,,1,1536000
3,5,1000,100,13,2,208333
3,5,250,130,124,4,180000
0,5,380,161,13,1,50000
3,5,750,412,1,1,140000
3,5,300,150,12,1,50000
3,5,1060,496,1,1,180000
3,5,200,132,13,1,10000
2,5,70,70,1,1,35000
0,5,350,110,1,1,60000
0,5,439,200,1,1,200000
0,5,3900,1210,134,3,1260000
3,5,510,400,34,1,125000
3,1,210,193,13,1,100000
3,5,885,320,13,4,235000
0,5,325,165,1,2,500000
3,5,550,345,13,1,12750
2,5,1027,600,1,3,97500
0,5,170,100,14,1,100000
2,5,4000,1500,1,3,205000
0,5,191,146,1,1,50000
3,5,2,523,14,1,91690
3,5,2,5048,13,1,1095710
3,1,2,5554,3,1,1295890
3,1,2,192,13,1,90000
3,5,600,280,3,1,1000000
3,5,125,45,123,3,30000
2,5,1550,800,1,1,67000
2,5,1818,600,1,1,140000
3,5,200,150,123,1,20800
2,5,700,150,1,5,150000
2,5,2550,1300,1,1,60000
2,5,785,555,1,5,75000
0,5,410,120,1,4,60000000
0,5,375,105,1,4,20000
6,5,,0,134,11,2500000
2,1,2,100,1,1,78340
2,1,400,180,1,1,12500
0,5,122,97,1,1,120000
0,5,3450,1633,13,15,125000
2,5,900,450,1,1,100000
0,5,700,216,1,3,320000
2,5,1000,800,1,1,1200000
2,5,1444,1143,1,1,290000
3,5,350,210,34,1,100000
0,5,1125,500,13,1,180000
0,5,900,320,14,1,500000
0,5,960,526,1,3,600000
2,5,600,400,1,1,50000
3,5,1039,809,123,1,200000
0,5,750,210,13,3,780000
3,5,53,180,13,3,6500000
3,5,215,119,13,3,20000
2,5,1200,990,1,3,130000
0,5,300,41,1,1,200000
3,5,2200,725,13,1,200000
3,5,120,85,13,1,50000
2,5,18,280,1,3,160000
7,,,200,1234,3,100000
3,5,500,283,1234,1,80000
3,5,470,400,124,4,78000
0,5,180,119,1,1,400000
2,1,2,549,1,3,420000
3,5,250,120,134,2,25000
3,5,764,440,1,4,150000
0,5,400,248,1,1,130000
3,5,325,130,23,3,48000
2,5,1200,620,14,3,100000
2,5,2000,1370,1,1,220000
3,1,600,137,13,3,967000
0,5,1419,800,12,9,1400000
2,5,4984,2256,1,3,350000
3,5,6500,3000,13,9,1837500
3,1,1069,1146,13,9,50000
3,5,1450,634,13,17,2000000
3,5,2400,1641,13,9,42000
0,5,14586,7387,1,9,185000
0,5,350,180,134,1,48000
0,5,255,108,13,3,27360
7,,20,280,1,30,60000
3,5,1025,393,34,1,150000
3,1,1862,1749,13,1,590000
0,5,171,69,1,1,100000
3,5,1200,700,13,4,90900
3,1,1,200,4,1,1800000
3,5,6514,300,13,3,80000
3,5,1661,300,13,1,80000
3,5,1525,380,13,3,70000
3,5,4921,500,13,3,100000
3,5,435,207,1,1,40000
3,5,400,200,134,1,30000
0,5,200,125,1,3,666666
3,5,550,255,13,15,80000
0,5,265,140,13,2,365000
3,5,200,98,13,4,60000
2,5,800,350,1,3,130000
3,5,408,220,13,1,60000
3,5,712,542,13,1,80000
2,5,1200,600,1,3,200000
0,5,109,82,1,3,175000
0,5,485,193,13,1,240000
0,5,485,200,134,1,240000
3,5,1284,650,3,1,200000
3,5,2980,1644,13,1,50000
3,5,3152,1200,13,1,384000
3,5,3628,500,13,3,100000
3,5,450,252,3,1,36000
3,5,4330,2711,34,1,1200000
0,5,500,380,1,3,217000
3,1,2,200,13,3,25000
0,5,1079,289,1,3,400000
0,5,750,371,2,4,1200000
0,1,150,84,1,3,30000000
0,5,1494,570,134,1,270000
3,5,704,617,13,3,312000
0,5,270,200,1,1,417000
3,5,240,164,13,3,60000
3,5,168,107,13,1,30000
7,,,0,1,3,600000
0,1,174,100,1,3,120000
3,5,1200,1259,13,3,300000
2,1,3,83,1,1,666666
3,5,1715,1000,13,3,360000
3,5,557,350,3,3,100000
0,5,750,350,123,1,420000
3,5,2200,1628,13,2,6000000
0,5,330,190,123,4,420000
2,5,1260,450,1,3,1800000
0,1,2600,1501,1,3,1850000
0,5,916,740,1,3,27000
3,5,750,350,13,4,12500
3,1,5,181,13,3,100000
2,5,800,400,1,3,156000
2,5,328,207,1,3,63000
3,5,1000,450,3,1,140000
3,5,510,170,13,3,150000
3,5,410,198,13,1,75000
0,5,715,240,2,3,500000
7,,,0,123,4,60000
3,5,450,280,13,1,50000
3,5,1050,500,13,1,60000
3,5,400,425,1,4,100000
3,5,498,324,123,4,51600
0,5,300,150,134,1,150000
0,5,300,165,4,1,353898
0,5,500,296,12,4,14000
0,5,300,200,1,2,150000
3,1,4,199,13,3,800000
3,1,302,100,13,1,500000
0,5,311,110,13,1,70000
3,5,450,200,34,1,60000
3,5,1490,1100,13,3,360000
3,5,950,920,34,1,130000
3,5,305,176,13,1,60000
3,5,250,100,13,1,18000
2,5,825,780,1,2,184000
3,5,500,430,3,2,225000
3,5,2218,1281,13,3,60000
0,5,255,165,1,3,35000
2,5,450,100,1,9,115000
3,5,600,225,12,1,75000
3,5,353,218,34,1,70000
0,5,320,220,1,1,22500
7,,,0,1,1,500000
3,5,450,215,14,4,150000
3,5,207,80,134,4,36000
3,5,1440,1096,13,1,240000
3,5,200,76,3,1,50000
2,5,538,260,1,3,60000
0,1,4,106,1,2,208000
2,5,400,120,1,3,40000
2,5,2500,1950,1,3,200000
2,5,800,400,1,3,72000
2,5,325,172,1,1,60000
2,5,1000,818,1,1,75000
2,5,45,58,1,1,35000
2,5,2500,1361,1,3,160000
2,5,1950,1400,1,3,250000
0,5,129,182,1,5,175000
2,5,850,1007,14,3,84000
3,1,400,300,13,1,150000
0,5,600,450,1234,4,300000
3,5,105,70,1,4,30000
0,5,250,150,12,4,360000
3,5,260,132,13,1,85000
2,5,690,460,1,3,270000
2,5,1190,1362,1,3,112500
0,5,730,365,14,1,550000
2,5,853,658,1,3,84000
2,5,152,75,1,1,60000
0,5,240,105,14,1,35000
2,5,950,650,1,3,120000
2,5,498,300,14,1,25000
0,5,452,300,13,2,700000
0,5,115,100,1,3,150000
3,5,750,330,134,4,120000
0,1,1800,750,13,1,1200000
0,5,288,200,1,4,416000
3,5,650,333,34,3,43333
0,5,850,320,13,3,600000
0,5,900,499,14,3,1500000
0,5,450,130,1,1,120000
0,5,340,228,1,1,650000
0,5,250,165,13,11,40000
3,5,3700,2400,123,1,65000
2,5,1500,985,14,3,180000
2,5,1250,500,1,3,100000
2,5,6000,2622,1,3,600000
2,5,1800,1500,14,2,200000
3,5,1906,0,134,3,456680
2,5,269,100,1,1,18000
3,5,470,344,134,3,80000
0,5,90,50,1,3,13000
0,5,2079,820,13,1,97500
0,5,250,135,123,4,35000
3,1,2,85,2,3,300000
0,5,1680,510,1,1,850000
2,5,960,700,1,1,936000
0,5,450,225,1,3,700000
3,5,6000,3000,13,12,700000
0,5,700,350,14,3,300000
0,5,700,300,1,3,1000000
3,5,2850,1329,13,3,908334
2,5,5400,2000,14,3,440000
2,5,4500,1500,14,9,220000
2,5,2100,1000,14,1,242000
3,5,350,205,3,1,75000
0,5,1300,1700,14,3,10800000
3,5,481,262,123,1,85000
3,5,300,110,13,1,50000
3,1,1500,921,13,1,1200000
3,1,2,838,134,1,1000000
3,5,380,320,13,1,75000
3,5,585,350,13,4,80000
3,5,400,250,13,4,36000
3,5,425,281,13,3,120000
0,5,600,340,13,4,280000
3,5,300,200,134,1,40000
0,5,517,215,12,1,249
0,5,950,520,13,1,750000
3,5,2000,615,1,3,70000
3,5,418,350,12,1,5000
3,1,320,548,13,1,104000
0,5,150,38,1,2,90000
3,1,5,170,13,2,10000000
0,5,600,300,1,3,250000
0,5,200,102,1,1,30000
6,5,35,800,13,3,456250
0,5,1800,500,13,1,900000
0,5,210,120,13,1,33333
3,5,425,282,13,2,44200
0,5,150,105,13,1,25000
3,1,3,222,13,22,130000
0,5,260,159,134,1,30000
0,5,206,170,134,1,40000
0,5,260,140,1,1,160000
0,5,4500,1450,13,3,100000
3,1,4,122,1,1,3000000
3,5,338,131,3,4,72000
3,5,360,220,123,1,90000
2,1,0,147,1,1,6500
3,5,720,410,123,3,104000
0,5,300,117,1,3,500000
2,5,1800,1090,1,3,50000
3,5,120,54,13,1,333350
0,1,4,207,1,1,10000
0,5,360,200,13,1,70000
2,5,2450,1700,1,1,240000
3,5,1272,562,134,3,182000
3,5,3000,1032,134,1,582400
2,5,500,100,1,1,1800000
3,5,750,400,124,1,72000
3,5,496,312,13,1,40000
3,5,1086,470,34,3,200000
3,5,450,162,3,4,48000
3,5,6132,500,13,1,120000
3,5,2018,300,13,1,80000
2,5,1081,200,1,3,60000
3,5,300,120,3,1,60000
3,5,1350,500,1,1,100000
0,5,700,300,4,3,750000
0,5,426,310,13,1,175000
0,5,180,150,1,1,125000
3,5,550,250,123,1,50000
0,5,1278,580,13,1,535000
3,5,656,287,1,1,125000
0,5,220,184,1,4,156000
0,5,800,450,12,1,150000
3,5,300,120,13,4,60000
3,5,554,220,1,1,100000
3,5,430,200,134,3,42000
3,5,1400,840,13,4,250000
3,5,400,143,13,1,45000
3,5,600,223,1,1,75000
3,5,350,202,123,1,96000
7,,,0,13,1,140000
3,5,700,273,1,1,130000
3,5,450,166,1,1,80000
3,5,604,275,3,1,100000
3,5,600,240,12,1,78000
3,5,5000,2579,13,3,3772300
3,5,340,160,123,1,55000
3,5,320,160,13,1,60000
7,,,0,1,3,48000
3,1,4,155,13,3,100000
0,5,260,196,1,1,200000
3,5,479,580,13,3,75000
0,5,500,233,1,3,300000
3,5,375,155,13,1,50000
3,5,275,100,13,1,30000
3,5,1022,140,13,1,45000
0,1,2,100,1,3,12000000
3,5,350,200,13,1,200000
3,5,5765,3707,134,4,186000
2,5,1314,1194,14,3,150000
0,5,500,200,123,1,60000
3,5,155,187,134,3,70000
3,5,740,539,13,3,150000
3,5,2400,1325,13,3,450000
3,1,900,300,13,3,55000
0,5,2929,2406,1,9,1000000
3,1,2,109,13,1,1500000
0,5,424,255,13,1,304166
3,5,500,200,13,1,150000
3,1,5,283,134,3,340000
3,5,510,205,13,1,72000
3,5,250,170,13,3,40000
0,5,350,120,1,2,180000
0,5,305,125,12,3,156000
3,5,990,572,13,1,250000
0,5,500,236,3,4,45000
2,5,330,240,1,3,25000
2,5,290,200,1,1,100000
3,5,750,400,13,3,1440000
3,5,1100,577,1,1,250000
3,5,300,125,134,4,20000
3,5,1200,575,13,3,250000
0,5,450,400,12,4,15166
3,5,3,1250,134,7,570000
0,5,500,230,1,1,275000
0,5,1083,512,1,3,300000
0,5,250,130,1,3,70000
0,5,1550,520,14,2,700000
0,5,72,65,4,2,450000
0,5,620,250,13,3,60000
3,1,,46,4,3,90000
0,5,930,554,14,1,1200000
2,5,450,225,1,1,50000
2,5,550,200,1,1,50000
2,5,1458,584,14,3,121600
0,5,416,231,4,3,1500000
3,5,280,185,123,4,35000
3,5,300,99,13,4,36000
3,5,2028,300,13,3,80000
3,5,225,70,13,2,200000
3,1,5,100,13,3,7440000
2,5,265,198,1,3,84000
3,5,1400,100,13,1,130000
3,1,4,1580,13,1,1000000
0,5,200,109,1,2,195000
2,5,650,400,1,1,75000
2,5,4500,2225,1,3,200000
3,1,2,316,13,3,4600000
0,5,1000,417,123,1,207000
3,5,950,643,13,1,108000
3,1,600,226,13,3,9550000
0,5,950,297,1,3,960000
3,1,950,897,13,3,160800
3,5,667,354,13,1,250000
3,5,750,450,13,3,150000
0,5,5,790,1,3,1500000
3,5,1000,250,134,1,200000
3,1,355,183,13,21,40000
3,5,420,250,13,3,200000
3,5,575,286,14,3,70000
0,5,200,172,13,4,90000
2,5,700,300,1,1,50000
3,5,548,462,14,4,100000
3,5,800,400,123,1,1500000
0,5,200,100,1,1,170000
0,5,377,205,14,1,150000
0,5,379,379,,1,180000
7,,,0,1,3,90000
2,5,2300,2177,1,3,250000
2,5,500,230,1,3,46000
2,5,2300,2177,1,3,250000
2,5,2500,1693,1,1,250000
6,1,,0,123,1,125000
3,5,1600,840,34,1,200000
3,5,4030,200,13,9,188000
0,5,110,36,13,1,25000
3,5,350,150,134,1,104000
3,5,800,389,134,3,196000
3,5,600,599,13,3,280800
3,5,880,409,134,3,146000
3,5,2650,1299,134,3,219000
3,5,2500,356,134,3,300000
3,5,3000,19200,134,3,438000
3,5,1000,100,13,3,438000
2,1,2,84,1,1,25000
0,5,350,175,134,4,100800
3,5,300,180,14,4,30000
3,1,1550,95,1,2,50000
3,5,190,100,13,4,25000
0,5,2257,1514,13,2,151166
0,5,360,160,1,2,468000
3,1,165,96,13,1,108000
3,5,525,243,13,1,200000
0,5,750,510,123,4,240000
0,5,325,170,12,4,360000
0,5,1000,600,2,4,3600000
3,5,2000,1385,13,3,350000
0,5,140,153,13,30,2000000
0,5,800,450,123,4,360000
2,5,1130,816,1,1,100000
3,1,2,62,13,1,600000
3,5,350,100,13,1,90000
0,5,1437,571,4,3,581000
0,5,442,200,1,2,500000
3,5,520,300,123,3,50000
0,5,420,250,1,3,60000
0,5,203,106,13,1,500000
3,5,2187,0,134,3,1000200
0,5,182,80,1,1,250000
3,5,315,205,134,1,60000
3,5,850,470,124,1,150000
3,5,225,80,13,4,200000
3,5,495,318,3,3,35100
3,5,200,100,123,1,60000
3,5,1850,900,13,1,350000
0,5,200,90,12,4,35000
3,5,598,264,123,1,135000
0,5,952,285,134,15,180000
3,1,210,95,12,4,120000
2,5,500,1013,1,4,1200000
2,5,250,250,1,3,100000
3,5,443,115,13,1,800000
3,5,7613,3135,13,4,800000
3,5,1364,574,13,2,17000
2,5,700,650,1,4,40000
3,5,3252,1512,13,4,325000
3,5,700,300,1,4,60000
3,5,700,300,1,4,60000
3,5,550,300,134,1,100000
3,5,450,250,134,1,100000
0,5,100,60,13,1,100000
3,5,350,275,13,1,84000
3,5,1000,800,13,4,250000
3,1,2050,723,13,3,1000000
3,1,2,106,13,1,100000
0,5,1450,681,14,1,66667
3,1,3934,2364,13,3,175000
3,1,5595,3179,13,3,133500
0,5,980,717,13,3,41666
3,5,3,998,13,3,150000
0,1,1,50,1,3,120000
0,5,550,350,1,2,650000
0,5,230,202,123,4,60000
0,5,117,70,1,3,200000
3,5,230,100,3,4,50000
3,5,300,275,3,4,75000
3,5,2000,1304,13,3,650000
2,5,425,306,1,3,25000
0,5,800,550,13,1,221000
3,5,425,265,13,4,60000
3,5,1850,1365,13,4,470000
3,5,2000,660,1,4,468000
3,5,579,203,13,4,66000
3,5,618,183,13,4,65000
3,1,92,103,13,1,125000
7,,,0,12,1,84000
2,1,200,130,1,3,153600
0,5,300,200,1,1,37500
0,5,1022,700,1,4,4220000
0,5,400,180,14,1,150000
0,5,850,500,13,1,105000
3,5,500,212,1,1,125000
7,,,0,,1,831154.0715
3,1,995,699,13,3,865293
0,5,350,180,123,4,60000
3,5,1800,979,1234,1,400000
3,5,300,300,13,4,96000
2,5,80,60,1,1,30000
3,5,1000,550,134,1,250000
0,5,200,160,1,2,300000
7,,,0,14,2,50000
3,5,250,80,134,2,150000
2,5,520,430,1,1,50000
3,5,1827,3165,13,3,900000
3,5,2400,1375,34,3,500000
3,5,6256,3100,13,24,1000000
3,5,1451,0,134,1,400264
0,5,210,0,13,4,10800
0,5,171,70,1,2,156000
3,5,980,650,3,1,268800
0,5,46,54,4,3,390000
0,5,450,180,13,3,442000
3,1,7,4902,13,1,3000000
3,5,785,490,123,1,170400
0,5,150,450,13,4,160000
0,5,12381,4200,14,3,1242000
3,5,800,600,124,1,12500
0,5,350,495,13,1,100000
2,5,500,670,14,3,100000
2,5,600,350,1,4,60000
0,5,270,83,123,3,130000
0,5,300,220,134,3,300000
0,5,398,170,1,2,208000
3,5,400,206,134,1,80000
0,5,270,140,134,4,65000
0,5,268,131,1,3,104000
3,5,1355,400,13,1,100000
3,5,130,80,13,5,40000
0,5,561,220,14,1,160000
2,5,350,280,1,1,37500
2,5,450,290,1,3,50000
2,5,360,275,1,3,38000
3,5,796,480,2,1,720000
3,5,950,700,13,4,125000
3,5,650,506,13,4,125000
3,5,650,544,13,4,125000
3,5,1850,1500,13,4,280000
3,5,600,586,134,3,200000
3,5,650,425,13,4,84000
3,5,450,200,34,3,60000
2,5,1800,250,1,3,20000
3,1,1,248,13,2,6000000
0,5,300,105,13,1,150000
0,5,950,300,1,2,650000
3,5,200,146,3,3,50000
3,5,717,284,13,3,45000
3,5,408,220,13,1,60000
3,1,550,188,13,3,9930000
3,5,485,0,134,1,329257
3,5,225,180,13,31,60000
3,1,919,268,13,4,1450000
0,5,395,246,1,3,100000
2,5,950,671,14,3,97000
0,5,2520,3896,13,1,200000
3,1,510,191,13,3,9750000
0,5,490,170,134,1,96000
3,5,680,280,12,1,120000
3,5,348,131,13,1,99000
0,5,2000,450,1,2,1400000
0,5,3600,960,14,3,1080000
3,5,650,358,13,1,9166
0,5,535,250,13,1,300000
2,5,400,276,1,4,40000
2,5,950,550,1,3,104000
2,5,900,650,1,3,75000
2,5,200,112,1,1,30000
0,5,463,200,134,2,375000
2,1,2,150,1,3,1600
0,5,189,143,13,1,80000
3,5,434,169,123,1,104000
3,1,3500,1500,,4,550000
3,5,1196,849,13,4,125000
3,1,200,450,13,9,237000
0,5,210,150,13,1,375000
0,5,350,260,13,1,150000
0,5,1196,317,13,4,200000
0,5,300,110,13,3,100000
2,5,950,404,1,3,100000
2,5,900,400,1,3,100000
0,5,501,845,13,1,150000
3,5,341,206,123,4,20000
0,5,400,120,13,1,125000
0,5,3000,700,1,3,1350000
0,1,195,54,1,11,518400
3,5,1051,461,13,2,7000000
3,1,108,119,13,1,200000
3,5,762,488,134,1,124800
2,5,860,550,1,11,60000
3,5,800,764,134,1,62500
3,5,400,120,14,1,300000
3,5,295,173,13,2,104000
3,5,833,566,4,4,780000
0,5,400,150,13,2,200000
3,5,332,77,13,11,260000
0,5,3066,1539,1,4,1200000
3,5,72,30,4,1,500000
2,5,700,570,1,1,60000
3,5,14284,10070,134,4,700000
3,5,6185,4000,4,1,300000
3,5,420,301,134,4,60000
0,5,660,405,1,3,525000
2,5,909,300,1,3,80000
3,5,352,131,34,1,45000
3,5,445,167,13,1,120000
3,1,2005,97,13,1,524000
3,1,2016,470,4,1,524000
3,1,,78,134,1,41665
3,5,850,448,123,4,150000
0,5,260,84,13,1,60000
3,5,210,122,13,1,60000
3,5,207,150,13,1,60000
0,5,475,250,13,4,80000
2,5,800,500,1,5,125000
0,5,900,680,13,1,425000
0,5,547,315,1,3,192000
0,5,200,70,13,3,18000
3,5,9341,422,34,3,1320000
0,5,374,90,2,4,250000
3,5,200,145,123,1,36000
0,5,483,312,13,1,360000
2,5,11514,5695,14,3,825000
3,5,200,150,13,3,150000
0,5,300,150,1,15,390000
3,5,300,200,13,4,105000
0,5,488,261,1,3,416000
3,5,150,80,12,4,250000
3,5,900,600,13,3,300000
0,5,90,90,4,3,41700
3,5,400,230,13,2,225000
2,5,350,220,1,3,20000
3,5,296,151,3,1,50000
2,5,110,35,1,1,18000
0,5,370,281,1,1,15000
0,5,260,113,1,4,60000
0,5,205,73,13,1,64992
0,5,298,175,13,2,21666
3,1,348,199,13,3,100000
3,1,875,350,13,1,561600
3,5,280,175,123,1,25500
2,5,3150,1124,1,1,520650
2,5,2000,1466,1,1,150000
0,5,200,100,1,1,50000
2,5,190,196,1,3,30000
0,5,306,100,1,3,250000
0,5,500,243,134,3,150000
0,5,850,300,134,3,300000
3,5,1149,600,134,1,250000
3,5,525,250,13,1,60000